id,product_name,url,present_price,old_price,discount,manufacturer,raw_html_path,laptop_type,cpu,cpu_generation,disk_type,disk_size,ram_gb,max_ram_slot,screen_size,screen_resolution,screen_ratio,screen_refresh_rate,gpu_type,gpu_model,weight_kg,ports,special_features,release_year
1,Laptop Acer TravelMate P4 TMP414 51G 59R6 i5 1135G7/16GB/512GB/2GB MX350/Win11 (NX.VP9SV.001),https://www.thegioididong.com/laptop/acer-travelmate-p4-tmp414-51g-59r6-i5-nxvp9sv001,14990000,25990000,0.42,acer,data/raw_htmls/tgdd/acer_11.html,normal,"i5, 1135G7, 2.4GHz",11,SSD NVMe PCIe,512,16,1,14.0,1920 x 1080,16:9,60,dedicated,Nvidia MX350 2GB,1.4,"1 x USB Type-C, HDMI, LAN (RJ45), 2 x USB 3.2, Jack tai nghe 3.5 mm",Có đèn bàn phím,2021
2,Laptop Acer Aspire 5 A515 58P 34RJ i3 1315U/8GB/512GB/Win11 (NX.KHJSV.003),https://www.thegioididong.com/laptop/acer-aspire-5-a515-58p-34rj-i3-nxkhjsv003,10990000,13090000,0.16,acer,data/raw_htmls/tgdd/acer_10.html,normal,"i3, 1315U, 1.2GHz",11,SSD NVMe PCIe,512,8,1,15.6,1920 x 1080,16:9,60,integrated,Intel UHD,1.7,"HDMI, 2 x USB 3.2, Jack tai nghe 3.5 mm","Có thể tháo ra, lắp thanh khác tối đa 1 TB",2023
3,Laptop Acer Aspire 5 Gaming A515 58GM 51LB i5 13420H/16GB/512GB/4GB RTX2050/Win11 (NX.KQ4SV.002),https://www.thegioididong.com/laptop/acer-aspire-5-a515-58gm-51lb-i5-nxkq4sv002,16990000,20490000,0.17,acer,data/raw_htmls/tgdd/acer_0.html,normal,"i5, 13420H, 2.1GHz",13,SSD NVMe PCIe,512,16,1,15.6,1920 x 1080,16:9,60,dedicated,nvidia RTX 2050 4GB,1.7,"HDMI, LAN (RJ45), Jack tai nghe 3.5 mm, 1 x USB Type-C (hỗ trợ USB, Thunderbolt 4), 2 x USB Type-A",Có đèn bàn phím,2023
4,Laptop Acer Aspire 3 A314 35 P3G9 N6000/4GB/256GB/Win11 (NX.A7SSV.007),https://www.thegioididong.com/laptop/acer-aspire-3-a314-35-p3g9-n6000-nxa7ssv007,6990000,7990000,0.13,acer,data/raw_htmls/tgdd/acer_12.html,normal,Pentium N6000 1.1GHz,6000,SSD M.2 PCIe,256,4,1,14.0,1366 x 768,16:9,60,integrated,Intel UHD,1.45,"HDMI, LAN (RJ45), USB 2.0, 2 x USB 3.2, Jack tai nghe 3.5 mm","Hỗ trợ thêm 1 khe cắm SSD M.2 PCIe mở rộng (nâng cấp tối đa 1 TB), Hỗ trợ khe cắm HDD SATA 2.5 inch mở rộng (nâng cấp tối đa 2 TB)",2021
5,Laptop Acer TravelMate P4 TMP414 51 50HX i5 1135G7/8GB/512GB/Win11 (NX.VP2SV.00T),https://www.thegioididong.com/laptop/acer-travelmate-p4-tmp414-51-50hx-i5-nxvp2sv00t,13990000,22490000,0.38,acer,data/raw_htmls/tgdd/acer_15.html,normal,"i5, 1135G7, 2.4GHz",11,SSD,512,8,1,14.0,1920 x 1080,16:9,60,integrated,Intel Iris Xe,1.4,"1 x USB Type-C, HDMI, LAN (RJ45), 2 x USB 3.2, Jack tai nghe 3.5 mm",Có đèn bàn phím,2021
7,Laptop Acer Aspire 3 A315 59 314F i3 1215U/8GB/256GB/Win11 (NX.K6TSV.002),https://www.thegioididong.com/laptop/acer-aspire-3-a315-59-314f-i3-nxk6tsv002,8790000,13490000,0.35,acer,data/raw_htmls/tgdd/acer_14.html,normal,"i3, 1215U, 1.2GHz",12,SSD NVMe PCIe,256,8,2,15.6,1920 x 1080,16:9,60,integrated,Intel UHD,1.7,"HDMI, LAN (RJ45), 3 x USB 3.2, Jack tai nghe 3.5 mm","Tháo ra ổ cứng SSD và lắp thanh khác, Hỗ trợ khe cắm HDD SATA 2.5 inch mở rộng",2022
8,Laptop Acer Aspire 3 A315 59 38PG i3 1215U/8GB/512GB/Win11 (NX.K6TSV.00A),https://www.thegioididong.com/laptop/acer-aspire-3-a315-59-38pg-i3-nxk6tsv00a,9490000,13990000,0.32,acer,data/raw_htmls/tgdd/acer_16.html,normal,i3-1215U,12,SSD NVMe PCIe,512,8,1,15.6,1920 x 1080,16:9,60,integrated,Intel UHD,1.7,"HDMI, LAN (RJ45), 3 x USB 3.2, Jack tai nghe 3.5 mm","Supports additional HDD SATA slot, Upgradable SSD storage, Windows 11 Home SL",2022
9,Laptop Acer Swift 3 SF314 512 56QN i5 1240P/16GB/512GB/Win11 (NX.K0FSV.002),https://www.thegioididong.com/laptop/acer-swift-3-sf314-512-56qn-i5-nxk0fsv002,18490000,23990000,0.23,acer,data/raw_htmls/tgdd/acer_17.html,normal,"i5, 1240P, 1.7GHz",12,SSD NVMe PCIe,512,16,1,14.0,2160 x 1440,3:2,60,integrated,Intel Iris Xe,1.2,"HDMI, 2 x Thunderbolt 4, 2 x USB 3.2, Jack tai nghe 3.5 mm",Có đèn bàn phím,2022
10,Laptop Acer Aspire 7 Gaming A715 76G 59MW i5 12450H/8GB/512GB/4GB RTX2050/144Hz/Win11 (NH.QMYSV.001),https://www.thegioididong.com/laptop/acer-aspire-7-gaming-a715-76g-59mw-i5-nhqmysv001,17990000,21490000,0.16,acer,data/raw_htmls/tgdd/acer_18.html,normal,"i5, 12450H, 2GHz",12,SSD,512,8,1,15.6,1920 x 1080,16:9,144,dedicated,Nvidia RTX 2050,2.1,"USB Type-C, HDMI, LAN (RJ45), USB 3.2, Jack tai nghe 3.5 mm",đèn bàn phím,2023
11,Laptop Acer Aspire 3 A315 58 35AG i3 1115G4/4GB/256GB/Win11 (NX.ADDSV.00B),https://www.thegioididong.com/laptop/acer-aspire-a315-58-35ag-i3-nxaddsv00b,8290000,11290000,0.27,acer,data/raw_htmls/tgdd/acer_19.html,normal,"i3, 1115G4, 3GHz",11,SSD NVMe PCIe,256,4,1,15.6,1920 x 1080,16:9,60,integrated,Intel UHD,1.7,"HDMI, LAN (RJ45), USB 2.0, 2 x USB 3.2, Jack tai nghe 3.5 mm",,2021
12,Laptop Acer Aspire 3 A315 58 589K i5 1135G7/8GB/256GB/Win11 (NX.AM0SV.008),https://www.thegioididong.com/laptop/acer-aspire-3-a315-58-589k-i5-nxam0sv008,10990000,13990000,0.21,acer,data/raw_htmls/tgdd/acer_2.html,normal,"i5, 1135G7, 2.4GHz",11,SSD NVMe PCIe,256,8,1,15.6,1920 x 1080,16:9,60,integrated,Intel Iris Xe,1.7,"HDMI, LAN (RJ45), 1 x USB 2.0, 2 x USB 3.2, Jack tai nghe 3.5 mm","tháo ra, lắp thanh khác, Hỗ trợ khe cắm HDD SATA",2021
13,Laptop Acer Aspire 3 A314 36M 391A i3 N305/8GB/512GB/Win11 (NX.KDMSV.002),https://www.thegioididong.com/laptop/acer-aspire-3-a314-36m-391a-i3-nxkdmsv002,9490000,11790000,0.2,acer,data/raw_htmls/tgdd/acer_20.html,normal,"i3 chuỗi N, N305",10,SSD,512,8,1,14.0,1920 x 1080,16:9,60,integrated,Intel UHD,1.4,"USB Type-C, HDMI, USB 3.2, 3.5 mm headphone jack",Windows 11 Home SL,2023
14,Laptop Acer Gaming Nitro V ANV15 51 57B2 i5 13420H/8GB/512GB/6GB RTX4050/144Hz/Win11 (NH.QN8SV.001),https://www.thegioididong.com/laptop/acer-nitro-v-anv15-51-57b2-i5-nhqn8sv001,24490000,26990000,0.09,acer,data/raw_htmls/tgdd/acer_21.html,normal,"i5, 13420H, 2.1GHz",13,SSD NVMe PCIe,512,8,1,15.6,1920 x 1080,16:9,144,dedicated,nvidia RTX 4050,2.1,"USB Type-C, HDMI, LAN (RJ45), USB 3.2, Jack tai nghe 3.5 mm",đèn bàn phím,2023
17,Laptop Acer TravelMate P4 TMP414 51 73F4 i7 1165G7/16GB/1TB/Win11 (NX.VP2SV.00W),https://www.thegioididong.com/laptop/acer-travelmate-p4-tmp414-51-73f4-i7-nxvp2sv00w,17990000,29790000,0.4,acer,data/raw_htmls/tgdd/acer_25.html,normal,"i7, 1165G7, 2.8GHz",11,SSD,1000,16,2,14.0,1920 x 1080,16:9,60,integrated,Intel Iris Xe,1.4,"1 x USB Type-C, HDMI, LAN (RJ45), 2 x USB 3.2, Jack tai nghe 3.5 mm",Có đèn bàn phím,2021
18,Laptop Acer Aspire 7 Gaming A715 76G 5806 i5 12450H/16GB/512GB/4GB RTX3050/144Hz/Win11 (NH.QMFSV.002),https://www.thegioididong.com/laptop/acer-aspire-7-gaming-a715-76g-5806-i5-nhqmfsv002,18990000,22990000,0.17,acer,data/raw_htmls/tgdd/acer_24.html,normal,"i5, 12450H, 2GHz",12,SSD NVMe PCIe,512,16,1,15.6,1920 x 1080,16:9,144,dedicated,Nvidia RTX 3050,2.1,"USB Type-C, HDMI, LAN (RJ45), 3 x USB 3.2, Jack tai nghe 3.5 mm",Có đèn bàn phím,2023
21,Laptop Acer Aspire 3 A315 59 5283 i5 1235U/8GB/512GB/Win11 (NX.K6TSV.00B),https://www.thegioididong.com/laptop/acer-aspire-3-a315-59-5283-i5-nxk6tsv00b,12390000,15990000,0.23,acer,data/raw_htmls/tgdd/acer_3.html,normal,"i5, 1235U, 1.3GHz",12,SSD NVMe PCIe,512,8,1,15.6,1920 x 1080,16:9,60,integrated,Intel UHD,1.7,"HDMI, LAN (RJ45), 3 x USB 3.2, Jack tai nghe 3.5 mm",Vỏ nhựa,2022
22,Laptop Acer Gaming Nitro V ANV15 51 53NE i5 13420H/16GB/512GB/4GB RTX2050/144Hz/Win11 (NH.QNASV.002),https://www.thegioididong.com/laptop/acer-nitro-v-anv15-51-53ne-i5-nhqnasv002,20990000,23990000,0.13,acer,data/raw_htmls/tgdd/acer_29.html,normal,"i5, 13420H, 2.1GHz",13,SSD NVMe PCIe,512,16,2,15.6,1920 x 1080,16:9,144,dedicated,Nvidia RTX 2050,2.1,"USB Type-C, HDMI, LAN (RJ45), USB 3.2, Jack tai nghe 3.5 mm",đèn bàn phím,2023
23,Laptop Acer Swift 3 SF314 511 55QE i5 1135G7/16GB/512GB/Win11 (NX.ABNSV.003),https://www.thegioididong.com/laptop/acer-swift-3-sf314-511-55qe-i5-nxabnsv003,16290000,22990000,0.29,acer,data/raw_htmls/tgdd/acer_30.html,normal,"i5, 1135G7, 2.4GHz",11,SSD NVMe PCIe,512,16,1,14.0,1920 x 1080,16:9,60,integrated,Intel Iris Xe,1.19,"HDMI, Thunderbolt 4 USB-C, 2 x USB 3.2, Jack tai nghe 3.5 mm",Có đèn bàn phím,2021
24,Laptop Acer Aspire 5 A514 54 5127 i5 1135G7/8GB/512GB/Win11 (NX.A28SV.007),https://www.thegioididong.com/laptop/acer-aspire-a514-54-5127-i5-nxa28sv007,13190000,15490000,0.15,acer,data/raw_htmls/tgdd/acer_4.html,normal,"i5, 1135G7, 2.4GHz",11,SSD NVMe PCIe,512,8,1,14.0,1920 x 1080,16:9,60,integrated,Intel Iris Xe,1.46,"HDMI, LAN (RJ45), USB Type-C, 2 x USB 3.2, Jack tai nghe 3.5 mm",Có đèn bàn phím,2021
25,Laptop Acer Aspire 3 A315 58 54XF i5 1135G7/8GB/512GB/Win11 (NX.AM0SV.007),https://www.thegioididong.com/laptop/acer-aspire-3-a315-58-54xf-i5-nxam0sv007,11490000,14990000,0.23,acer,data/raw_htmls/tgdd/acer_5.html,normal,"i5, 1135G7, 2.4GHz",11,SSD NVMe PCIe,512,8,1,15.6,1920 x 1080,16:9,60,integrated,Intel Iris Xe,1.7,"HDMI, LAN (RJ45), 1 x USB 2.0, 2 x USB 3.2, Jack tai nghe 3.5 mm",Hỗ trợ khe cắm HDD SATA (nâng cấp tối đa 2 TB),2021
26,Laptop Acer Aspire 3 A314 35 C3KS N5100/4GB/256GB/Win11 (NX.A7SSV.009),https://www.thegioididong.com/laptop/acer-aspire-3-a314-35-c3ks-n5100-nxa7ssv009,5990000,6990000,0.14,acer,data/raw_htmls/tgdd/acer_7.html,normal,Celeron N5100 1.1GHz,5,SSD NVMe PCIe,256,4,2,14.0,1366 x 768,16:9,60,integrated,Intel UHD,1.45,"HDMI, LAN (RJ45), 1 x USB 2.0, 2 x USB 3.2, Jack tai nghe 3.5 mm",Hỗ trợ khe cắm HDD SATA,2021
28,Laptop Acer Aspire Vero AV15 51 58HB i5 1155G7/8GB/512GB/Win11 (NX.AYCSV.002),https://www.thegioididong.com/laptop/acer-aspire-vero-av15-51-58hb-i5-nxaycsv002,12990000,17990000,0.28,acer,data/raw_htmls/tgdd/acer_8.html,normal,"i5, 1155G7, 2.5GHz",11,SSD NVMe PCIe,512,8,1,15.6,1920 x 1080,16:9,60,integrated,Intel Iris Xe,1.8,"HDMI, LAN (RJ45), USB Type-C, 1 x USB 2.0, 2 x USB 3.2, Jack tai nghe 3.5 mm",Có đèn bàn phím,2022
29,Laptop Acer Gaming Nitro 5 AN515 58 769J i7 12700H/8GB/512GB/4GB RTX3050/144Hz/Win11 (NH.QFHSV.003),https://www.thegioididong.com/laptop/acer-nitro-5-an515-58-769j-i7-nhqfhsv003,23490000,31790000,0.26,acer,data/raw_htmls/tgdd/acer_9.html,normal,"i7, 12700H, 2.30 GHz",12,SSD NVMe PCIe,512,8,1,15.6,1920 x 1080,16:9,144,dedicated,nvidia RTX 3050,2.5,"USB Type-C, HDMI, LAN (RJ45), 3 x USB 3.2, Jack tai nghe 3.5 mm",Có đèn bàn phím,2022
30,Laptop Asus TUF Gaming F15 FX506HF i5 11400H/8GB/512GB/4GB RTX2050/144Hz/Win11 (HN014W),https://www.thegioididong.com/laptop/asus-tuf-gaming-f15-fx506hf-i5-hn014w,16990000,19990000,0.15,asus,data/raw_htmls/tgdd/asus_0.html,normal,"i5, 11400H, 2.7GHz",11,SSD,512,8,1,15.6,1920 x 1080,16:9,144,dedicated,NVIDIA RTX 2050,2.3,"Thunderbolt 4, HDMI, LAN (RJ45), 3 x USB 3.2, Jack tai nghe 3.5 mm",Có đèn bàn phím,2023
31,Laptop Asus Vivobook S 14 Flip TP3402VA i5 13500H/16GB/512GB/Touch/Win11 (LZ031W),https://www.thegioididong.com/laptop/asus-vivobook-s-14-flip-tp3402va-i5-lz031w,19990000,21990000,0.09,asus,data/raw_htmls/tgdd/asus_10.html,normal,"i5, 13500H, 2.6GHz",13,SSD,512,16,1,14.0,1920 x 1200,16:10,60,integrated,Intel Iris Xe,1.5,"USB Type-C 3.2, HDMI, USB 2.0, USB 3.2, Jack tai nghe 3.5 mm","màn hình cảm ứng, đèn bàn phím",2023
32,Laptop Asus Vivobook Go 15 E1504FA R5 7520U/16GB/512GB/Chuột/Win11 (NJ776W),https://www.thegioididong.com/laptop/asus-vivobook-go-15-e1504fa-r5-nj776w,13990000,14490000,0.03,asus,data/raw_htmls/tgdd/asus_1.html,normal,"Ryzen 5, 7520U, 2.8GHz",7,SSD NVMe PCIe,512,16,1,15.6,1920 x 1080,16:9,60,integrated,Radeon,1.63,"HDMI, USB Type-C, 1 x USB 2.0, 1 x USB 3.2, Jack tai nghe 3.5 mm","Có thể tháo ra, lắp thanh khác tối đa 1 TB",2023
34,Laptop Asus Vivobook X1404ZA i3 1215U/8GB/512GB/Win11/(NK246W),https://www.thegioididong.com/laptop/asus-vivobook-x1404za-i3-nk246w,10790000,11990000,0.1,asus,data/raw_htmls/tgdd/asus_12.html,normal,"i3, 1215U, 1.2GHz",12,SSD NVMe PCIe,512,8,1,14.0,1920 x 1080,16:9,60,integrated,Intel UHD,1.4,"HDMI, USB Type-C, 1 x USB 2.0, 2 x USB 3.2, Jack tai nghe 3.5 mm",Vỏ nhựa,2023
35,Laptop Asus Vivobook 15 X1504VA i7 1355U/16GB/512GB/Win11 (NJ023W),https://www.thegioididong.com/laptop/asus-vivobook-15-x1504va-nj023w,19490000,22990000,0.15,asus,data/raw_htmls/tgdd/asus_13.html,normal,"i7, 1355U, 1.7GHz",13,SSD,512,16,1,15.6,1920 x 1080,16:9,60,integrated,Intel Iris Xe,1.7,"HDMI, USB Type-C, 1 x USB 2.0, 2 x USB 3.2, Jack tai nghe 3.5 mm",Windows 11 Home SL,2023
36,Laptop Asus Vivobook 14 X1404VA i5 1335U/16GB/512GB/Win11 (NK050W),https://www.thegioididong.com/laptop/asus-vivobook-14-x1404va-i5-nk050w,16490000,18490000,0.11,asus,data/raw_htmls/tgdd/asus_14.html,normal,"i5, 1335U, 1.3GHz",13,SSD,512,16,1,14.0,1920 x 1080,16:9,60,integrated,Intel Iris Xe,1.4,"HDMI, USB Type-C, 1 x USB 2.0, 2 x USB 3.2, Jack tai nghe 3.5 mm","Tháo cắt ra, làm khác lắp với tối 1 TB ồ cứng",2023
37,Laptop Asus TUF Gaming F15 FX507ZC4 i5 12500H/8GB/512GB/4GB RTX3050/144Hz/Win11 (HN074W),https://www.thegioididong.com/laptop/asus-tuf-gaming-f15-fx507zc4-i5-hn074w,20990000,23990000,0.13,asus,data/raw_htmls/tgdd/asus_15.html,normal,"i5, 12500H, 2.5GHz",12,SSD,512,8,1,15.6,1920 x 1080,16:9,144,dedicated,NVIDIA RTX 3050,2.2,"Thunderbolt 4, USB Type-C 3.2, HDMI, LAN (RJ45), 2 x USB 3.2, Jack tai nghe 3.5 mm",Có đèn bàn phím,2023
38,Laptop Asus Vivobook X515EA i5 1135G7/16GB/512GB/Chuột/Win11 (EJ4155W),https://www.thegioididong.com/laptop/asus-vivobook-x515ea-i5-ej4155w,13490000,14990000,0.1,asus,data/raw_htmls/tgdd/asus_16.html,normal,"i5, 1135G7, 2.4GHz",11,SSD,512,16,1,15.6,1920 x 1080,16:9,60,integrated,Intel Iris Xe,1.8,"HDMI, 2 x USB 2.0, USB Type-C, 1 x USB 3.2, Jack tai nghe 3.5 mm",,2023
39,Laptop Asus Vivobook 15 OLED A1505VA i7 13700H/16GB/512GB/Win11 (L1338W),https://www.thegioididong.com/laptop/asus-vivobook-15-oled-a1505va-i7-l1338w,21990000,24490000,0.1,asus,data/raw_htmls/tgdd/asus_17.html,normal,"i7, 13700H, 2.4GHz",13,SSD NVMe PCIe,512,16,1,15.6,1920 x 1080,16:9,60,integrated,Intel Iris Xe,1.7,"USB Type-C 3.2, HDMI, USB 2.0, USB 3.2, Jack tai nghe 3.5 mm","Có thể tháo ra, lắp thanh khác tối đa 1 TB",2023
40,Laptop Asus TUF Gaming F17 FX706HF i5 11400H/16GB/512GB/4GB RTX2050/144Hz/Win11 (HX390W),https://www.thegioididong.com/laptop/asus-tuf-gaming-f17-fx706hf-i5-hx390w,19490000,20990000,0.07,asus,data/raw_htmls/tgdd/asus_18.html,normal,"i5, 11400H, 2.7GHz",11,SSD,512,16,2,17.3,1920 x 1080,16:9,144,dedicated,NVIDIA RTX 2050,2.6,"Thunderbolt 4, HDMI, LAN (RJ45), USB 3.2, 3.5 mm headphone jack",backlit keyboard,2023
41,Laptop Asus Vivobook 15 OLED A1505VA i5 13500H/8GB/512GB/Win11 (L1052W),https://www.thegioididong.com/laptop/asus-vivobook-15-oled-a1505va-i5-l1052w,16490000,20490000,0.2,asus,data/raw_htmls/tgdd/asus_19.html,normal,"i5, 13500H, 2.6GHz",13,SSD,512,8,2,15.6,1920 x 1080,16:9,60,integrated,Intel UHD,1.7,"USB Type-C 3.2, HDMI, USB 2.0, USB 3.2, Jack tai nghe 3.5 mm","Full HD OLED display, Windows 11 Home SL",2023
42,Laptop Asus Vivobook 15 X1504ZA i3 1215U/8GB/512GB/Win11 (NJ102W),https://www.thegioididong.com/laptop/asus-vivobook-15-x1504za-i3-nj102w,10890000,12290000,0.11,asus,data/raw_htmls/tgdd/asus_2.html,normal,"i3, 1215U, 1.2GHz",12,SSD,512,8,1,15.6,1920 x 1080,16:9,60,integrated,Intel UHD,1.7,"HDMI, USB Type-C, 1 x USB 2.0, 2 x USB 3.2, Jack tai nghe 3.5 mm",Vỏ nhựa,2023
43,Laptop Asus Vivobook X515EA i3 1115G4/8GB/512GB/Win11 (EJ3948W),https://www.thegioididong.com/laptop/asus-vivobook-x515ea-i3-ej3948w,10290000,11290000,0.09,asus,data/raw_htmls/tgdd/asus_20.html,normal,"i3, 1115G4, 3GHz",11,SSD,512,8,1,15.6,1920 x 1080,16:9,60,integrated,Intel UHD,1.8,"HDMI, 2 x USB 2.0, USB Type-C, 1 x USB 3.2, Jack tai nghe 3.5 mm",Vỏ nhựa,2022
44,Laptop Asus Zenbook 14 OLED UX3402VA i5 1340P/16GB/512GB/Cáp/Túi/Win11 (KM085W),https://www.thegioididong.com/laptop/asus-zenbook-14-oled-ux3402va-i5-km085w,25490000,27990000,0.09,asus,data/raw_htmls/tgdd/asus_21.html,normal,"i5, 1340P, 1.9GHz",13,SSD,512,16,1,14.0,2880 x 1800,8:5,90,integrated,Intel Iris Xe,1.39,"2 x Thunderbolt 4, HDMI, 1 x USB 3.2, Jack tai nghe 3.5 mm",Có đèn bàn phím,2023
45,Laptop Asus Vivobook 14X OLED S3405VA i5 13500H/16GB/512GB/Win11 (KM072W),https://www.thegioididong.com/laptop/asus-vivobook-14x-oled-s3405va-i5-km072w,19990000,22990000,0.13,asus,data/raw_htmls/tgdd/asus_22.html,normal,"i5, 13500H, 2.6GHz",13,SSD,512,16,1,14.0,2880 x 1800,16:10,90,integrated,Intel Iris Xe,1.4,"HDMI, USB Type-C, 2 x USB 3.2, Jack tai nghe 3.5 mm",Có đèn bàn phím,2023
46,Laptop Asus Vivobook 15 OLED A1505VA i9 13900H/16GB/512GB/Win11 (L1201W),https://www.thegioididong.com/laptop/asus-vivobook-15-oled-a1505va-i9-l1201w,23490000,24990000,0.06,asus,data/raw_htmls/tgdd/asus_24.html,normal,"i9, 13900H, 2.6GHz",13,SSD,512,16,1,15.6,1920 x 1080,16:9,60,integrated,Intel Iris Xe,1.7,"USB Type-C 3.2, HDMI, USB 2.0, USB 3.2, Jack tai nghe 3.5 mm",,2023
47,Laptop Asus Vivobook 14X OLED K3405VC i5 13500H/16GB/512GB/4GB RTX3050/Win11 (KM006W),https://www.thegioididong.com/laptop/asus-vivobook-14x-oled-k3405vc-i5-km006w,25490000,29490000,0.14,asus,data/raw_htmls/tgdd/asus_23.html,normal,"i5, 13500H, 2.6GHz",13,SSD,512,16,1,14.0,2880 x 1800,16:10,90,dedicated,nvidia RTX 3050,1.4,"HDMI, USB Type-C, 2 x USB 3.2, Jack tai nghe 3.5 mm",Có đèn bàn phím,2023
49,Laptop Asus Gaming TUF Dash F15 FX517ZE i5 12450H/8GB/512GB/4GB RTX3050Ti/144Hz/Win11 (HN045W),https://www.thegioididong.com/laptop/asus-tuf-gaming-fx517ze-i5-hn045w,19990000,24990000,0.2,asus,data/raw_htmls/tgdd/asus_26.html,normal,"i5, 12450H, 2GHz",12,SSD,512,8,1,15.6,1920 x 1080,16:9,144,dedicated,NVIDIA RTX 3050Ti,2.0,"Thunderbolt 4, HDMI, LAN (RJ45), USB Type-C, 2 x USB 3.2, Jack tai nghe 3.5 mm",Có đèn bàn phím,2022
51,Laptop Asus Vivobook 15 OLED A1505ZA i5 12500H/16GB/512GB/Win11 (L1337W),https://www.thegioididong.com/laptop/asus-vivobook-15-oled-a1505za-i5-l1337w,17990000,19990000,0.1,asus,data/raw_htmls/tgdd/asus_28.html,normal,"i5, 12500H, 2.5GHz",12,SSD NVMe PCIe,512,16,1,15.6,1920 x 1080,16:9,60,integrated,Intel Iris Xe,1.7,"HDMI, USB Type-C, 1 x USB 2.0, 2 x USB 3.2, Jack tai nghe 3.5 mm","Tháo ra, lắp thanh khác tối đa 1 TB",2023
52,Laptop Asus Vivobook S 14 Flip TP3402VA i3 1315U/8GB/256GB/Touch/Win11 (LZ025W),https://www.thegioididong.com/laptop/asus-vivobook-s-14-flip-tp3402va-i3-lz025w,13490000,16990000,0.21,asus,data/raw_htmls/tgdd/asus_29.html,normal,"i3, 1315U, 1.2GHz",13,SSD NVMe PCIe Gen 4,256,8,1,14.0,1920 x 1200,16:10,60,integrated,Intel UHD,1.5,"USB Type-C 3.2, HDMI, USB 2.0, USB 3.2, Jack tai nghe 3.5 mm","màn hình cảm ứng, đèn bàn phím",2023
53,Laptop Asus Vivobook Go 15 E1504FA R5 7520U/8GB/512GB/Win11 (NJ630W),https://www.thegioididong.com/laptop/asus-vivobook-go-15-e1504fa-r5-nj630w,11990000,13990000,0.14,asus,data/raw_htmls/tgdd/asus_30.html,normal,"Ryzen 5, 7520U, 2.8GHz",7,SSD,512,8,1,15.6,1920 x 1080,16:9,60,integrated,Radeon,1.63,"HDMI, USB Type-C, 1 x USB 2.0, 1 x USB 3.2, Jack tai nghe 3.5 mm",,2023
54,Laptop Asus Vivobook X415EA i3 1115G4/8GB/256GB/Win11 (EK2034W),https://www.thegioididong.com/laptop/asus-vivobook-x415ea-i3-ek2034w,9790000,10990000,0.11,asus,data/raw_htmls/tgdd/asus_3.html,normal,"i3, 1115G4, 3GHz",11,SSD,256,8,1,14.0,1920 x 1080,16:9,60,integrated,Intel UHD,1.55,"HDMI, 2 x USB 2.0, USB Type-C, 1 x USB 3.2, Jack tai nghe 3.5 mm","Hỗ trợ khe cắm HDD SATA 2.5 inch mở rộng, Vỏ nhựa",2022
55,Laptop Asus Zenbook 14 Flip OLED UP3404VA i7 1360P/16GB/512GB/Touch/Pen/Cáp/Túi/Win11 (KN039W),https://www.thegioididong.com/laptop/asus-zenbook-14-flip-oled-up3404va-i7-kn039w,31490000,33990000,0.07,asus,data/raw_htmls/tgdd/asus_32.html,normal,i7,12,SSD,512,16,1,14.0,2880 x 1800,16:10,90,integrated,Intel Iris Xe,1.5,"2 x Thunderbolt 4, HDMI, 1 x USB 3.2, 3.5 mm headphone jack","touchscreen, backlit keyboard",2023
56,Laptop Asus Zenbook 14 OLED UX3402ZA i5 1240P/8GB/512GB/90Hz/Cáp/Túi/Win11 (KM220W),https://www.thegioididong.com/laptop/asus-zenbook-14-oled-ux3402za-i5-km218w,20290000,25490000,0.2,asus,data/raw_htmls/tgdd/asus_31.html,normal,"i5, 1240P, 1.7GHz",12,SSD,512,8,1,14.0,2880 x 1800,16:10,90,integrated,Intel Iris Xe,1.39,"HDMI, 2 x Thunderbolt 4, 1 x USB 3.2, Jack tai nghe 3.5 mm",Có đèn bàn phím,2022
58,Laptop Asus Gaming ROG Strix G16 G614JU i7 13650HX/16GB/512GB/6GB RTX4050/165Hz/Win11 (N3777W),https://www.thegioididong.com/laptop/asus-gaming-rog-strix-g16-g614ju-i7-n3777w,38990000,43990000,0.11,asus,data/raw_htmls/tgdd/asus_35.html,normal,"i7, 13650HX, 2.6GHz",13,SSD NVMe PCIe Gen 4,512,16,1,16.0,1920 x 1200,16:10,165,dedicated,nvidia RTX 4050 6GB,2.5,"Thunderbolt 4, USB 3.2 Gen 2 Type-C, HDMI, LAN (RJ45), 2 x USB 3.2, Jack tai nghe 3.5mm",đèn bàn phím,2023
63,Laptop Asus Gaming ROG Zephyrus M16 GU604VI i9 13900H/32GB/1TB/8GB RTX4070/240Hz/Balo/Win11 (NM779W),https://www.thegioididong.com/laptop/asus-gaming-rog-zephyrus-m16-gu604vi-i9-nm779w,71990000,80990000,0.11,asus,data/raw_htmls/tgdd/asus_39.html,normal,"i9, 13900H, 2.6GHz",13,SSD M.2 PCIe Gen 4,1000,32,1,16.0,2560 x 1600,8:5,240,dedicated,nvidia RTX 4070 8GB,2.1,"Thunderbolt 4, USB Type-C 3.2, HDMI, USB 3.2, Jack tai nghe 3.5 mm",đèn bàn phím,2023
64,Laptop Asus VivoBook X515MA N4020/4GB/256GB/Win11 (BR480W),https://www.thegioididong.com/laptop/asus-vivobook-x515ma-n4020-br480w,6490000,7890000,0.18,asus,data/raw_htmls/tgdd/asus_4.html,normal,Celeron N4020 1.1GHz,10,SSD NVMe PCIe,256,4,1,15.6,1366 x 768,16:9,60,integrated,Intel UHD 600,1.8,"HDMI, 2 x USB 2.0, USB Type-C, 1 x USB 3.2, Jack tai nghe 3.5 mm",Hỗ trợ khe cắm HDD SATA (nâng cấp tối đa 2 TB),2021
65,Laptop Asus Gaming ROG Strix G18 G814JI i9 13980HX/32GB/1TB/8GB RTX4070/240Hz/Balo/Win11 (N6063W),https://www.thegioididong.com/laptop/asus-gaming-rog-strix-g18-g814ji-i9-n6063w,63990000,70990000,0.1,asus,data/raw_htmls/tgdd/asus_40.html,normal,"i9, 13980HX, 2.2GHz",13,SSD M.2 PCIe Gen 4,1000,32,2,18.0,2560 x 1600,8:5,240,dedicated,"nvidia, RTX 4070 8GB",3.0,"Thunderbolt 4, USB 3.2 Gen 2 Type-C, HDMI, LAN (RJ45), USB 3.2, Jack tai nghe 3.5 mm",Có đèn bàn phím,2023
68,Laptop Asus ExpertBook B9 OLED B9403CVA i7 1355U/16GB/1TB/Cáp/Túi/Win11 Pro (KM0157X),https://www.thegioididong.com/laptop/asus-expertbook-b9-oled-b9403cva-i7-km0157x,44990000,49990000,0.1,asus,data/raw_htmls/tgdd/asus_43.html,normal,"i7, 1355U, 1.7GHz",13,SSD,1000,16,1,14.0,2880 x 1800,16:10,90,integrated,Intel Iris Xe,0.99,"2 x Thunderbolt 4, HDMI, 1 x USB 3.2, Jack tai nghe 3.5 mm, Micro HDMI (RJ45)",Có đèn bàn phím,2023
69,Laptop Asus Zenbook S 13 OLED UX5304VA i7 1355U/32GB/1TB/Túi/Win11 (NQ126W),https://www.thegioididong.com/laptop/asus-zenbook-s-13-oled-ux5304va-i7-nq126w,40990000,44990000,0.09,asus,data/raw_htmls/tgdd/asus_44.html,normal,"i7, 1355U, 1.7GHz",13,SSD NVMe PCIe Gen 4,1000,32,1,13.3,2880 x 1800,16:10,60,integrated,Intel Iris Xe,1.0,"2 x Thunderbolt 4, HDMI, 1 x USB 3.2, Jack tai nghe 3.5 mm",Có đèn bàn phím,2023
71,Laptop Asus Zenbook S 13 OLED UX5304VA i7 1355U/16GB/512GB/Túi/Win11 (NQ125W),https://www.thegioididong.com/laptop/asus-zenbook-s-13-oled-ux5304va-i7-nq125w,34990000,39990000,0.13,asus,data/raw_htmls/tgdd/asus_47.html,normal,"i7, 1355U, 1.7GHz",11,SSD NVMe PCIe,512,16,1,13.3,2880 x 1800,8:5,60,integrated,Intel Iris Xe,1.0,"2 x Thunderbolt 4, HDMI, 1 x USB 3.2, Jack tai nghe 3.5 mm",Có đèn bàn phím,2023
72,Laptop Asus Gaming ROG Zephyrus G14 GA402NJ R7 7735HS/16GB/512GB/6GB RTX3050/144Hz/Túi/Win11 (L4056W),https://www.thegioididong.com/laptop/asus-gaming-rog-zephyrus-g14-ga402nj-r7-l4056w,38990000,42990000,0.09,asus,data/raw_htmls/tgdd/asus_46.html,normal,"Ryzen 7, 7735HS, 3.2GHz",7,SSD,512,16,1,14.0,1920 x 1200,16:10,144,dedicated,Nvidia RTX 3050,1.72,"1 x USB Type-C 3.2, 1 x USB Type-C, HDMI, 2 x USB 3.2, Jack tai nghe 3.5 mm",Có đèn bàn phím,2023
74,Laptop Asus TUF Gaming F15 FX507ZC4 i5 12500H/16GB/1TB/4GB RTX3050/144Hz/Win11 (HN229W),https://www.thegioididong.com/laptop/asus-tuf-gaming-f15-fx507zc4-i5-hn229w,22490000,25990000,0.13,asus,data/raw_htmls/tgdd/asus_5.html,normal,i5 12500H,12,SSD,1024,16,2,15.6,1920 x 1080,16:9,144,dedicated,NVIDIA RTX 3050,2.2,"Thunderbolt 4, USB Type-C 3.2, HDMI, LAN (RJ45), 2 x USB 3.2, Jack tai nghe 3.5 mm",Có đèn bàn phím,2023
76,Laptop Asus Zenbook 14 OLED UX3402VA i7 1360P/16GB/512GB/Cáp/Túi/Win11 (KM068W),https://www.thegioididong.com/laptop/asus-zenbook-14-oled-ux3402va-i7-km068w,28990000,31990000,0.09,asus,data/raw_htmls/tgdd/asus_51.html,normal,i7,11,SSD,512,16,1,14.0,2880 x 1800,16:10,90,integrated,Intel Iris Xe,1.39,"2 x Thunderbolt 4, HDMI, 1 x USB 3.2, 3.5 mm headphone jack",backlit keyboard,2023
79,Laptop Asus Vivobook 14X OLED S3405VA i9 13900H/16GB/512GB/Win11 (KM071W),https://www.thegioididong.com/laptop/asus-vivobook-14x-oled-s3405va-i9-km071w,23990000,26990000,0.11,asus,data/raw_htmls/tgdd/asus_54.html,normal,"i9, 13900H, 2.6GHz",13,SSD,512,16,1,14.0,2880 x 1800,16:10,90,integrated,Intel Iris Xe,1.4,"HDMI, USB Type-C, 2 x USB 3.2, Jack tai nghe 3.5 mm",Có đèn bàn phím,2023
80,Laptop Asus Zenbook 14 Flip OLED UP3404VA i5 1340P/16GB/512GB/Touch/Pen/Cáp/Túi/Win11 (KN038W),https://www.thegioididong.com/laptop/asus-zenbook-14-flip-oled-up3404va-i5-kn038w,27490000,29990000,0.08,asus,data/raw_htmls/tgdd/asus_53.html,normal,"i5, 1340P, 1.9GHz",13,SSD,512,16,1,14.0,2880 x 1800,16:10,90,integrated,Intel Iris Xe,1.5,"2 x Thunderbolt 4 hỗ trợ display / power delivery, HDMI, 1 x USB 3.2, Jack tai nghe 3.5 mm","Có màn hình cảm ứng, Có đèn bàn phím",2023
81,Laptop Asus Vivobook 14 A1405VA i3 1315U/8GB/512GB/Win11 (LY097W),https://www.thegioididong.com/laptop/asus-vivobook-14-a1405va-i3-ly097w,12490000,14990000,0.17,asus,data/raw_htmls/tgdd/asus_55.html,normal,"i3, 1315U, 1.2GHz",13,SSD NVMe PCIe,512,8,1,14.0,1920 x 1200,16:10,60,integrated,Intel UHD,1.6,"1 x USB Type-C 3.2 (hỗ trợ Power Delivery), HDMI, 1 x USB 2.0, 2 x USB 3.2, Jack tai nghe 3.5 mm",Vỏ nhựa,2023
82,Laptop Asus Vivobook 16 X1605VA i5 1335U/16GB/512GB/Win11 (MB360W),https://www.thegioididong.com/laptop/asus-vivobook-16-x1605va-i5-mb360w,16490000,18990000,0.13,asus,data/raw_htmls/tgdd/asus_6.html,normal,"i5, 1335U, 1.3GHz",13,SSD,512,16,1,16.0,1920 x 1200,16:10,60,integrated,Intel Iris Xe,1.88,"USB Type-C, HDMI, USB 2.0, USB 3.2, Jack tai nghe 3.5 mm",Vỏ nhựa,2023
83,Laptop Asus Vivobook 15 OLED A1505VA i5 13500H/16GB/512GB/Chuột/Win11 (L1341W),https://www.thegioididong.com/laptop/asus-vivobook-15-oled-a1505va-i5-l1341w,18990000,20990000,0.1,asus,data/raw_htmls/tgdd/asus_8.html,normal,"i5, 13500H, 2.6GHz",13,SSD,512,16,1,15.6,1920 x 1080,16:9,60,integrated,Intel Iris Xe,1.7,"USB Type-C, HDMI, USB 2.0, USB 3.2, Jack tai nghe 3.5 mm",OLED,2023
85,Laptop Asus Vivobook 15 X1504VA i5 1335U/8GB/512GB/Win11 (NJ025W),https://www.thegioididong.com/laptop/asus-vivobook-15-x1504va-i5-nj025w,15990000,17990000,0.11,asus,data/raw_htmls/tgdd/asus_9.html,normal,"i5, 1335U, 1.3GHz",13,SSD NVMe PCIe,512,8,1,15.6,1920 x 1080,16:9,60,integrated,Intel UHD,1.7,"HDMI, USB Type-C, 1 x USB 2.0, 2 x USB 3.2, Jack tai nghe 3.5 mm","tháo ra, lắp thanh khác",2023
86,Laptop Dell Inspiron 15 3520 i3 1215U/8GB/256GB/OfficeHS/Win11 (i3U082W11BLU),https://www.thegioididong.com/laptop/dell-inspiron-15-3520-i3-i3u082w11blu,10990000,13690000,0.2,dell,data/raw_htmls/tgdd/dell_0.html,normal,"i3, 1215U, 1.2GHz",12,SSD,256,8,1,15.6,1920 x 1080,16:9,120,integrated,Intel UHD,1.9,"HDMI, 1 x USB 2.0, 2 x USB 3.2, Jack tai nghe 3.5 mm","Windows 11 Home SL, Office Home & Student vĩnh viễn",2022
87,Laptop Dell Vostro 15 3520 i3 1215U/8GB/512GB/120Hz/OfficeHS/Win11 (5M2TT1),https://www.thegioididong.com/laptop/dell-vostro-15-3520-i3-5m2tt1,12290000,14790000,0.17,dell,data/raw_htmls/tgdd/dell_1.html,normal,"i3, 1215U, 1.2GHz",12,SSD,512,8,1,15.6,1920 x 1080,16:9,120,integrated,Intel UHD,1.67,"HDMI, LAN (RJ45), 1 x USB 2.0, 2 x USB 3.2, Jack tai nghe 3.5 mm",Vỏ nhựa,2022
88,Laptop Dell Vostro 15 3520 i5 1235U/8GB/512GB/120Hz/OfficeHS/Win11 (5M2TT2),https://www.thegioididong.com/laptop/dell-vostro-15-3520-i5-5m2tt2,16190000,19490000,0.17,dell,data/raw_htmls/tgdd/dell_12.html,normal,"i5, 1235U, 1.3GHz",12,SSD,512,8,1,15.6,1920 x 1080,16:9,120,integrated,Intel UHD,1.67,"HDMI, LAN (RJ45), 1 x USB 2.0, 2 x USB 3.2, Jack tai nghe 3.5 mm",Vỏ nhựa,2022
89,Laptop Dell Inspiron 16 5620 i5 1235U/8GB/256GB/OfficeHS/Win11 (P1WKN),https://www.thegioididong.com/laptop/dell-inspiron-16-5620-i5-p1wkn,17190000,19790000,0.13,dell,data/raw_htmls/tgdd/dell_14.html,normal,"i5, 1235U, 1.3GHz",12,SSD,256,8,1,16.0,1920 x 1080,16:9,60,integrated,Intel UHD,1.87,"1 x USB Type-C 3.2 (hỗ trợ Power Delivery và DisplayPort), HDMI, 2 x USB 3.2, Jack tai nghe 3.5 mm",Vỏ kim loại,2022
90,Laptop Dell Inspiron 15 3520 i5 1235U/8GB/512GB/2GB MX550/120Hz/OfficeHS/Win11 (70296960),https://www.thegioididong.com/laptop/dell-inspiron-15-3520-i5-70296960,17990000,19790000,0.09,dell,data/raw_htmls/tgdd/dell_13.html,normal,"i5, 1235U, 1.3GHz",12,SSD NVMe PCIe,512,8,1,15.6,1920 x 1080,16:9,120,dedicated,nvidia MX550 2GB,1.9,"1 x USB Type-C (hỗ trợ DisplayPort), HDMI, 1 x USB 2.0, 1 x USB 3.2, Jack tai nghe 3.5 mm","Hệ điều hành Windows 11 Home SL, Office Home & Student vĩnh viễn, Hỗ trợ khe cắm SATA 2.5 inch mở rộng (nâng cấp SSD hoặc HDD đều được)",2022
91,Laptop Dell Inspiron 16 5620 i7 1255U/8GB/512GB/OfficeHS/Win11 (N6I7110W1),https://www.thegioididong.com/laptop/dell-inspiron-16-5620-i7-n6i7110w1,22190000,25190000,0.12,dell,data/raw_htmls/tgdd/dell_15.html,normal,"i7, 1255U, 1.7GHz",12,SSD NVMe PCIe,512,8,1,16.0,1920 x 1200,16:10,60,integrated,Intel UHD,1.87,"USB Type-C, HDMI, 2 x USB 3.2, Jack tai nghe 3.5 mm",Có đèn bàn phím,2022
92,Laptop Dell Vostro 14 3420 i5 1235U/8GB/512GB/OfficeHS/Win11 (71003348),https://www.thegioididong.com/laptop/dell-vostro-3420-i5-71003348,16490000,17590000,0.06,dell,data/raw_htmls/tgdd/dell_17.html,normal,"i5, 1235U, 1.3GHz",12,SSD NVMe PCIe,512,8,2,14.0,1920 x 1080,16:9,60,integrated,Intel UHD,1.49,"HDMI, LAN (RJ45), 1 x USB 2.0, 2 x USB 3.2, Jack tai nghe 3.5 mm",Vỏ nhựa,2022
93,Laptop Dell Inspiron 14 T7430 i5 1335U/8GB/512GB/Touch/Pen/OfficeHS/Win11 (N7430I58W1),https://www.thegioididong.com/laptop/dell-inspiron-14-7430-i5-n7430i58w1,23990000,24190000,0.01,dell,data/raw_htmls/tgdd/dell_18.html,normal,"i5, 1335U, 1.3GHz",13,SSD NVMe PCIe,512,8,1,14.0,1920 x 1200,16:10,60,integrated,Intel Iris Xe,1.58,"2 x Thunderbolt 4 (hỗ trợ Power Delivery), HDMI, 1 x USB 3.2, Jack tai nghe 3.5 mm","Có màn hình cảm ứng, Có đèn bàn phím",2023
94,Laptop Dell Vostro 15 3520 i3 1215U/8GB/256GB/OfficeHS/Win11 (V5I3614W1),https://www.thegioididong.com/laptop/dell-vostro-3520-i3-v5i3614w1,11290000,13990000,0.19,dell,data/raw_htmls/tgdd/dell_2.html,normal,"i3, 1215U, 1.2GHz",12,SSD,256,8,2,15.6,1920 x 1080,16:9,120,integrated,Intel UHD,1.83,"HDMI, LAN (RJ45), 1 x USB 2.0, 2 x USB 3.2, Jack tai nghe 3.5 mm",Vỏ nhựa,2022
95,Laptop Dell Inspiron 15 3520 i3 1215U/8GB/512GB/120Hz/OfficeHS/Win11 (71003264),https://www.thegioididong.com/laptop/dell-inspiron-3520-i3-71003264,12190000,14490000,0.16,dell,data/raw_htmls/tgdd/dell_3.html,normal,"i3, 1215U, 1.2GHz",12,SSD NVMe PCIe,512,8,1,15.6,1920 x 1080,16:9,120,integrated,Intel UHD,1.9,"HDMI, 1 x USB 2.0, 2 x USB 3.2, Jack tai nghe 3.5 mm","Windows 11 Home SL, Office Home & Student vĩnh viễn",2022
96,Laptop Dell Inspiron 15 3520 i5 1235U/8GB/512GB/120Hz/OfficeHS/Win11 (i5U085W11BLU),https://www.thegioididong.com/laptop/dell-inspiron-15-3520-i5u085w11blu,16490000,18990000,0.13,dell,data/raw_htmls/tgdd/dell_4.html,normal,"i5, 1235U, 1.3GHz",12,SSD,512,8,2,15.6,1920 x 1080,16:9,120,integrated,Intel UHD,1.9,"HDMI, 1 x USB 2.0, 2 x USB 3.2, Jack tai nghe 3.5 mm","Windows 11 Home SL, Office Home & Student vĩnh viễn",2022
97,Laptop Dell Inspiron 15 3520 i5 1235U/8GB/256GB/120Hz/OfficeHS/Win11 (N5I5122W1),https://www.thegioididong.com/laptop/dell-inspiron-15-3520-i5-n5i5122w1,15990000,18590000,0.14,dell,data/raw_htmls/tgdd/dell_6.html,normal,"i5, 1235U, 1.3GHz",11,SSD NVMe PCIe,256,8,2,15.6,1920 x 1080,16:9,120,integrated,Intel UHD,1.9,"HDMI, 1 x USB 2.0, 2 x USB 3.2, Jack tai nghe 3.5 mm","Windows 11 Home SL, Office Home & Student vĩnh viễn",2022
98,Laptop Dell Inspiron 15 3530 i7 1355U/16GB/512GB/2GB MX550/OfficeHS/Win11 (N3530I716W1),https://www.thegioididong.com/laptop/dell-inspiron-15-3530-i7-n3530i716w1,24990000,25290000,0.01,dell,data/raw_htmls/tgdd/dell_5.html,normal,"i7, 1355U, 1.7GHz",13,SSD NVMe PCIe,512,16,2,15.6,1920 x 1080,16:9,120,dedicated,nvidia MX550 2GB,1.65,"HDMI, 1 x USB 2.0, 1 x USB 3.2, Jack tai nghe 3.5 mm, 1 x USB Type-C 3.2 (hỗ trợ Power Delivery và DisplayPort 1.4)",Có đèn bàn phím,2023
99,Laptop HP 15s fq5229TU i3 1215U/8GB/512GB/Win11 (8U237PA),https://www.thegioididong.com/laptop/hp-15s-fq5229tu-i3-8u237pa,10990000,13690000,0.2,hp,data/raw_htmls/tgdd/hp_0.html,normal,"i3, 1215U, 1.2GHz",12,SSD NVMe PCIe,512,8,2,15.6,1920 x 1080,16:9,60,integrated,Intel UHD,1.69,"USB Type-C, HDMI, Jack tai nghe 3.5 mm, 2 x USB Type-A",Windows 11 Home SL,2023
100,Laptop HP 15s fq5162TU i5 1235U/8GB/512GB/Win11 (7C134PA),https://www.thegioididong.com/laptop/hp-15s-fq5162tu-i5-7c134pa,15590000,18890000,0.17,hp,data/raw_htmls/tgdd/hp_1.html,normal,"i5, 1235U, 1.3GHz",12,SSD,512,8,1,15.6,1920 x 1080,16:9,60,integrated,Intel Iris Xe,1.7,"HDMI, USB Type-C, 2 x USB 3.2, Jack tai nghe 3.5 mm",Vỏ nhựa,2022
101,Laptop HP Pavilion X360 14 ek1049TU i5 1335U/16GB/512GB/Touch/Pen/Win11 (80R27PA),https://www.thegioididong.com/laptop/hp-pavilion-x360-14-ek1049tu-i5-80r27pa,21990000,24290000,0.09,hp,data/raw_htmls/tgdd/hp_10.html,normal,"i5, 1335U, 1.3GHz",13,SSD NVMe PCIe,512,16,1,14.0,1920 x 1080,16:9,60,integrated,Intel Iris Xe,1.53,"1 x USB Type-C 3.2 (hỗ trợ Power Delivery và DisplayPort), HDMI, 2 x USB 3.2, Jack tai nghe 3.5 mm","Có màn hình cảm ứng, Có đèn bàn phím",2023
102,Laptop HP 15s fq2716TU i3 1115G4/8GB/512GB/Win11 (7C0X3PA),https://www.thegioididong.com/laptop/hp-15s-fq2716tu-i3-7c0x3pa,10290000,13690000,0.25,hp,data/raw_htmls/tgdd/hp_11.html,normal,"i3, 1115G4, 3GHz",11,SSD,512,8,1,15.6,1920 x 1080,16:9,60,integrated,Intel UHD,1.7,"HDMI, 2x SuperSpeed USB A, Jack tai nghe 3.5 mm, 1x SuperSpeed USB Type-C",Vỏ nhựa,2022
103,Laptop HP Pavilion 14 dv2074TU i5 1235U/8GB/512GB/Win11 (7C0P3PA),https://www.thegioididong.com/laptop/hp-pavilion-14-dv2074tu-i5-7c0p3pa,16390000,19690000,0.17,hp,data/raw_htmls/tgdd/hp_12.html,normal,"i5, 1235U, 1.3GHz",12,SSD,512,8,1,14.0,1920 x 1080,16:9,60,integrated,Intel Iris Xe,1.41,"1 x SuperSpeed USB Type-C (hỗ trợ USB Power Delivery, DisplayPort 1.4), HDMI, 2x SuperSpeed USB A, Jack tai nghe 3.5 mm",Vỏ nhựa - nắp lưng bằng kim loại,2022
104,Laptop HP 240 G8 i3 1115G4/8GB/256GB/Win11 (6L1A1PA),https://www.thegioididong.com/laptop/hp-240-g8-i3-6l1a1pa,9290000,12990000,0.28,hp,data/raw_htmls/tgdd/hp_14.html,normal,i3 1115G4 3GHz,11,SSD,256,8,1,14.0,1920 x 1080,16:9,60,integrated,Intel UHD,1.47,"HDMI, LAN (RJ45), USB Type-C, 2 x USB 3.1, Jack tai nghe 3.5 mm","tháo ra, lắp thanh khác tối đa 1 TB",2022
106,Laptop HP Envy X360 13 bf0090TU i7 1250U/16GB/512GB/Touch/Pen/Win11 (76B13PA),https://www.thegioididong.com/laptop/hp-envy-x360-13-bf0090tu-i7-76b13pa,27090000,32990000,0.18,hp,data/raw_htmls/tgdd/hp_15.html,normal,"i7, 1250U, 1.1GHz",12,SSD,512,16,1,13.3,2880 x 1800,16:10,60,integrated,Intel Iris Xe,1.34,"2 x USB 3.2, 2 x Thunderbolt 4 with USB-C (Power Delivery and DisplayPort), Jack tai nghe 3.5 mm","Có màn hình cảm ứng, Có đèn bàn phím",2022
107,Laptop HP Pavilion 15 eg2086TU i3 1215U/8GB/256GB/Win11 (7C0Q8PA),https://www.thegioididong.com/laptop/hp-pavilion-15-eg2086tu-i3-7c0q8pa,12590000,15290000,0.18,hp,data/raw_htmls/tgdd/hp_18.html,normal,"i3, 1215U, 1.2GHz",12,SSD,256,8,2,15.6,1920 x 1080,16:9,60,integrated,Intel UHD,1.74,"HDMI, USB Type-C, 2 x USB 3.2, Jack tai nghe 3.5 mm",Vỏ nhựa - chiếu nghỉ tay bằng kim loại,2022
109,Laptop HP Envy X360 13 bf0112TU i5 1230U/16GB/512GB/Touch/Pen/Win11 (7C0N9PA),https://www.thegioididong.com/laptop/hp-envy-x360-13-bf0112tu-i5-7c0n9pa,23990000,29590000,0.19,hp,data/raw_htmls/tgdd/hp_19.html,normal,"i5, 1230U, 1.00 GHz",12,SSD,512,16,1,13.3,2880 x 1800,8:5,60,integrated,Intel Iris Xe,1.34,"2 x Thunderbolt 4 with USB-C (USB Power Delivery, DisplayPort 1.4), 2x SuperSpeed USB A, Jack tai nghe 3.5 mm","Có màn hình cảm ứng, Có đèn bàn phím",2022
110,Laptop HP 240 G10 i5 1335U/16GB/512GB/Win11 (8F136PA),https://www.thegioididong.com/laptop/hp-240-g10-i5-8f136pa,17690000,19590000,0.1,hp,data/raw_htmls/tgdd/hp_21.html,normal,"i5, 1335U, 1.3GHz",13,SSD NVMe PCIe,512,16,2,14.0,1920 x 1080,16:9,60,integrated,Intel UHD,1.39,"HDMI, USB Type-C, 2 x USB 3.2, Jack tai nghe 3.5 mm",Vỏ nhựa,2023
111,Laptop HP 240 G10 i5 1335U/8GB/512GB/Win11 (8F134PA),https://www.thegioididong.com/laptop/hp-240-g10-i5-8f134pa,16890000,18790000,0.1,hp,data/raw_htmls/tgdd/hp_22.html,normal,"i5, 1335U, 1.3GHz",13,SSD NVMe PCIe,512,8,1,14.0,1920 x 1080,16:9,60,integrated,Intel UHD,1.39,"HDMI, USB Type-C, 2 x USB 3.2, Jack tai nghe 3.5 mm",Vỏ nhựa,2023
112,Laptop HP 240 G9 i3 1215U/8GB/256GB/Win11 (6L1X7PA),https://www.thegioididong.com/laptop/hp-240-g9-i3-6l1x7pa,9690000,12990000,0.25,hp,data/raw_htmls/tgdd/hp_2.html,normal,"i3, 1215U, 1.2GHz",12,SSD,256,8,2,14.0,1920 x 1080,16:9,60,integrated,Intel UHD,1.41,"HDMI, LAN (RJ45), USB Type-C, 2 x USB 3.2, Jack tai nghe 3.5 mm",Vỏ nhựa,2022
113,Laptop HP 245 G9 R5 5625U/8GB/512GB/Win11 (6L1N9PA),https://www.thegioididong.com/laptop/hp-245-g9-r5-6l1n9pa,11590000,13990000,0.17,hp,data/raw_htmls/tgdd/hp_20.html,normal,"Ryzen 5, 5625U, 2.30 GHz",5,SSD NVMe PCIe,512,8,1,14.0,1920 x 1080,16:9,60,integrated,Radeon,1.47,"HDMI, LAN (RJ45), 2x SuperSpeed USB A, Jack tai nghe 3.5 mm, 1x SuperSpeed USB Type-C","Có thể tháo ra, lắp thanh khác tối đa 1 TB, Hỗ trợ thêm 1 khe cắm HDD SATA (nâng cấp tối đa 1 TB)",2022
114,Laptop HP EliteBook 630 G9 i7 1255U/16GB/512GB/Win11 (6M146PA),https://www.thegioididong.com/laptop/hp-elitebook-630-g9-i7-6m146pa,23890000,27790000,0.14,hp,data/raw_htmls/tgdd/hp_23.html,normal,"i7, 1255U, 1.7GHz",12,SSD NVMe PCIe,512,16,1,13.3,1920 x 1080,16:9,60,integrated,Intel UHD,1.28,"Thunderbolt 4, HDMI, LAN (RJ45), 2x SuperSpeed USB A, Jack tai nghe 3.5 mm",Có đèn bàn phím,2022
115,Laptop HP Elitebook 630 G9 i5 1235U/16GB/512GB/Win11 (7K9H3PA),https://www.thegioididong.com/laptop/hp-elitebook-630-g9-i5-7k9h3pa,19990000,23390000,0.15,hp,data/raw_htmls/tgdd/hp_24.html,normal,i5-1235U,11,SSD,512,16,2,13.3,1920 x 1080,16:9,60,integrated,Intel UHD,1.28,"Thunderbolt 4, HDMI, LAN (RJ45), USB 3.2, Jack tai nghe 3.5 mm",đèn bàn phím,2023
116,Laptop HP Elitebook 630 G10 i7 1355U/16GB/512GB/Win11 (873F2PA),https://www.thegioididong.com/laptop/hp-elitebook-630-g10-i7-873f2pa,25190000,27790000,0.09,hp,data/raw_htmls/tgdd/hp_25.html,normal,"i7, 1355U, 1.7GHz",10,SSD,512,16,2,13.3,1920 x 1080,16:9,60,integrated,Intel UHD,1.22,"Thunderbolt 4, HDMI, LAN (RJ45), 2 x USB 3.2, Jack tai nghe 3.5 mm",Có đèn bàn phím,2023
118,Laptop HP Envy 16 h0205TX i9 12900H/32GB/512GB/6GB RTX3060/Touch/Win11 (7C0T2PA),https://www.thegioididong.com/laptop/hp-envy-16-h0205tx-i9-7c0t2pa,51890000,65390000,0.21,hp,data/raw_htmls/tgdd/hp_27.html,normal,"i9, 12900H, 2.5GHz",12,SSD NVMe PCIe,512,32,1,16.0,3840 x 2400,16:10,60,dedicated,nvidia RTX 3060 6GB,2.32,"2 x Thunderbolt 4 with USB-C (USB Power Delivery, DisplayPort 1.4), HDMI, 2 x USB 3.2, Jack tai nghe 3.5 mm","Có màn hình cảm ứng, Có đèn bàn phím",2022
120,Laptop HP Elitebook Dragonfly G3 i7 1255U/16GB/1TB SSD/Touch/Win11 Pro (6Z980PA),https://www.thegioididong.com/laptop/hp-elitebook-dragonfly-g3-i7-6z980pa,41390000,52590000,0.21,hp,data/raw_htmls/tgdd/hp_29.html,normal,"i7, 1255U, 1.7GHz",12,SSD,1000,16,1,13.5,1920 x 1280,3:2,60,integrated,Intel Iris Xe,0.99,"1 x SuperSpeed USB Type-A, 2 x Thunderbolt 4 (hỗ trợ USB Power Delivery, DisplayPort 1.4), HDMI, Jack tai nghe 3.5 mm","Có màn hình cảm ứng, Có đèn bàn phím",2022
121,Laptop HP Pavilion 15 eg2082TU i5 1240P/8GB/512GB/Win11 (7C0Q5PA),https://www.thegioididong.com/laptop/hp-pavilion-15-eg2082tu-i5-7c0q5pa,16090000,19790000,0.19,hp,data/raw_htmls/tgdd/hp_3.html,normal,"i5, 1240P, 1.7GHz",12,SSD NVMe PCIe,512,8,1,15.6,1920 x 1080,16:9,60,integrated,Intel Iris Xe,1.72,"HDMI, USB Type-C, 2 x USB 3.2, Jack tai nghe 3.5 mm",Vỏ nhựa - chiếu nghỉ tay bằng kim loại,2022
123,Laptop HP Elitebook X360 1040 G9 i7 1255U/16GB/512GB/Touch/Pen/Win11 Pro (6Z982PA),https://www.thegioididong.com/laptop/hp-elitebook-x360-1040-g9-i7-6z982pa,38190000,49990000,0.24,hp,data/raw_htmls/tgdd/hp_31.html,normal,"i7, 1255U, 1.7GHz",12,SSD,512,16,1,14.0,1920 x 1200,16:10,60,integrated,Intel Iris Xe,1.35,"2 x Thunderbolt 4 with USB-C (USB Power Delivery, DisplayPort 1.4), HDMI, 2x SuperSpeed USB A, Jack tai nghe 3.5 mm","Có màn hình cảm ứng, Có đèn bàn phím",2022
124,Laptop HP Gaming VICTUS 16 s0077AX R7 7840HS/16GB/512GB/144Hz/6GB RTX3050/Win11 (8C5N6PA),https://www.thegioididong.com/laptop/hp-gaming-victus-16-s0077ax-r7-8c5n6pa,26890000,31690000,0.15,hp,data/raw_htmls/tgdd/hp_32.html,normal,Ryzen 7 7840HS,7,SSD,512,16,2,16.1,1920 x 1080,16:9,144,dedicated,Nvidia RTX 3050,2.34,"USB Type-C, HDMI, LAN (RJ45), USB 3.2, Jack tai nghe 3.5 mm",Đèn bàn phím,2023
125,Laptop HP Pavilion X360 14 ek1047TU i7 1355U/16GB/512GB/Touch/Pen/Win11 (80R25PA),https://www.thegioididong.com/laptop/hp-pavilion-x360-14-ek1047tu-i7-80r25pa,24490000,27590000,0.11,hp,data/raw_htmls/tgdd/hp_33.html,normal,"i7, 1355U, 1.7GHz",11,SSD,512,16,1,14.0,1920 x 1080,16:9,60,integrated,Intel Iris Xe,1.53,"USB Type-C 3.2, HDMI, USB 3.2, Jack tai nghe 3.5 mm","màn hình cảm ứng, đèn bàn phím",2023
126,Laptop HP Probook 450 G10 i7 1355U/16GB/512GB/Win11 (873D3PA),https://www.thegioididong.com/laptop/hp-probook-450-g10-i7-873d3pa,24490000,26990000,0.09,hp,data/raw_htmls/tgdd/hp_34.html,normal,"i7, 1355U, 1.7GHz",13,SSD NVMe PCIe,512,16,2,15.6,1920 x 1080,16:9,60,integrated,Intel UHD,1.79,"HDMI, LAN (RJ45), Jack tai nghe 3.5 mm, 2 x USB Type-C (hỗ trợ USB Power Delivery, DisplayPort 2.1), 2 x USB Type-A",Có đèn bàn phím,2023
127,Laptop HP Pavilion X360 14 ek0132TU i7 1255U/16GB/512GB/Touch/Pen/Win11 (7C0W4PA),https://www.thegioididong.com/laptop/hp-pavilion-x360-14-ek0132tu-i7-7c0w4pa,23490000,26990000,0.13,hp,data/raw_htmls/tgdd/hp_36.html,normal,"i7, 1255U, 1.7GHz",12,SSD NVMe PCIe,512,16,1,14.0,1920 x 1080,16:9,60,integrated,Intel Iris Xe,1.51,"HDMI, USB Type-C, 2 x USB 3.2, Jack tai nghe 3.5 mm","màn hình cảm ứng, đèn bàn phím",2022
128,Laptop HP Pavilion 15 eg3035TX i7 1355U/16GB/512GB/2GB MX550/Win11 (8U6L7PA),https://www.thegioididong.com/laptop/hp-pavilion-15-eg3035tx-i7-8u6l7pa,24090000,26590000,0.09,hp,data/raw_htmls/tgdd/hp_35.html,normal,"i7, 1355U, 1.7GHz",13,SSD,512,16,2,15.6,1920 x 1080,16:9,60,dedicated,nvidia MX550,1.74,"USB Type-C, HDMI, USB 3.2, Jack tai nghe 3.5 mm","Windows 11 Home SL, Vỏ kim loại - Nắp lưng bằng nhựa",2023
129,Laptop HP Pavilion 15 eg3091TU i7 1355U/16GB/512GB/Win11 (8C5L2PA),https://www.thegioididong.com/laptop/hp-pavilion-15-eg3091tu-i7-8c5l2pa,22690000,25290000,0.1,hp,data/raw_htmls/tgdd/hp_37.html,normal,"i7, 1355U, 1.7GHz",13,SSD NVMe PCIe,512,16,1,15.6,1920 x 1080,16:9,60,integrated,Intel Iris Xe,1.69,"1 x USB Type-C (hỗ trợ USB Power Delivery, DisplayPort 1.4), HDMI, 2 x USB 3.2, Jack tai nghe 3.5 mm",Vỏ kim loại - Nắp lưng bằng nhựa,2023
130,Laptop HP Pavilion 15 eg2088TU i7 1260P/16GB/512GB/Win11 (7C0R0PA),https://www.thegioididong.com/laptop/hp-pavilion-15-eg2088tu-i7-7c0r0pa,22090000,25290000,0.13,hp,data/raw_htmls/tgdd/hp_38.html,normal,"i7, 1260P, 2.1GHz",12,SSD,512,16,1,15.6,1920 x 1080,16:9,60,integrated,Intel Iris Xe,1.74,"HDMI, USB Type-C, 2 x USB 3.2, Jack tai nghe 3.5 mm","Vỏ nhựa, chiếu nghỉ tay bằng kim loại",2022
131,Laptop HP Pavilion 14 dv2071TU i7 1255U/16GB/512GB/Win11 (7C0W0PA),https://www.thegioididong.com/laptop/hp-pavilion-14-dv2071tu-i7-7c0w0pa,21490000,25190000,0.15,hp,data/raw_htmls/tgdd/hp_39.html,normal,"i7, 1255U, 1.7GHz",12,SSD,512,16,2,14.0,1920 x 1080,16:9,60,integrated,Intel Iris Xe,1.41,"1 x USB Type-C, HDMI, Jack tai nghe 3.5 mm, 2 x USB Type-A",Kim loại nắp lưng và chiếu nghỉ tay,2023
132,Laptop HP Pavilion X360 14 ek1048TU i5 1335U/8GB/512GB/Touch/Pen/Win11 (80R26PA),https://www.thegioididong.com/laptop/hp-pavilion-x360-14-ek1048tu-i5-80r26pa,20590000,22890000,0.1,hp,data/raw_htmls/tgdd/hp_40.html,normal,"i5, 1335U, 1.3GHz",13,SSD NVMe PCIe,512,8,1,14.0,1920 x 1080,16:9,60,integrated,Intel Iris Xe,1.53,"1 x USB Type-C 3.2 (hỗ trợ Power Delivery và DisplayPort), HDMI, 2 x USB 3.2, Jack tai nghe 3.5 mm","Có màn hình cảm ứng, Có đèn bàn phím",2023
133,Laptop HP Pavilion 15 eg2034TX i7 1255U/8GB/512GB/2GB MX550/Win11 (6K780PA),https://www.thegioididong.com/laptop/hp-pavilion-15-eg2034tx-i7-6k780pa,20390000,24590000,0.17,hp,data/raw_htmls/tgdd/hp_41.html,normal,"i7, 1255U, 1.7GHz",10,SSD,512,8,1,15.6,1920 x 1080,16:9,60,dedicated,nvidia MX550 2GB,1.74,"HDMI, USB Type-C, 2 x USB 3.2, Jack tai nghe 3.5 mm",Vỏ nhựa - chiếu nghỉ tay bằng kim loại,2022
134,Laptop HP Probook 450 G10 i5 1335U/16GB/512GB/Win11 (873D1PA),https://www.thegioididong.com/laptop/hp-probook-450-g10-i5-873d1pa,20290000,22590000,0.1,hp,data/raw_htmls/tgdd/hp_42.html,normal,"i5, 1335U, 1.3GHz",10,SSD,512,16,1,15.6,1920 x 1080,16:9,60,integrated,Intel UHD,1.79,"HDMI, LAN (RJ45), Jack tai nghe 3.5 mm, 2 x USB Type-C (hỗ trợ USB Power Delivery, DisplayPort 2.1), 2 x USB Type-A",Có đèn bàn phím,2023
135,Laptop HP Pavilion 15 eg3033TX i5 1335U/16GB/512GB/2GB MX550/Win11 (8U6L6PA),https://www.thegioididong.com/laptop/hp-pavilion-15-eg3033tx-i5-8u6l6pa,20290000,22290000,0.09,hp,data/raw_htmls/tgdd/hp_43.html,normal,"i5, 1335U, 1.3GHz",13,SSD,512,16,1,15.6,1920 x 1080,16:9,60,dedicated,nvidia MX550 2GB,1.74,"1 x USB Type-C, HDMI, 2 x USB 3.2, Jack tai nghe 3.5 mm",Vỏ kim loại - Nắp lưng bằng nhựa,2023
136,Laptop HP 240 G10 i7 1355U/16GB/512GB/Win11 (8F140PA),https://www.thegioididong.com/laptop/hp-240-g10-i7-8f140pa,19690000,21990000,0.1,hp,data/raw_htmls/tgdd/hp_44.html,normal,"i7, 1355U, 1.7GHz",13,SSD,512,16,2,14.0,1920 x 1080,16:9,60,integrated,Intel UHD,1.39,"HDMI, USB Type-C, 2 x USB 3.2, Jack tai nghe 3.5 mm",Vỏ nhựa,2023
137,Laptop HP Pavilion 15 eg3093TU i5 1335U/16GB/512GB/Win11 (8C5L4PA),https://www.thegioididong.com/laptop/hp-pavilion-15-eg3093tu-i5-8c5l4pa,18790000,21290000,0.12,hp,data/raw_htmls/tgdd/hp_45.html,normal,"i5, 1335U, 1.3GHz",13,SSD NVMe PCIe,512,16,2,15.6,1920 x 1080,16:9,60,integrated,Intel Iris Xe,1.69,"USB Type-C, HDMI, USB 3.2, Jack tai nghe 3.5 mm",Vỏ kim loại - Nắp lưng bằng nhựa,2023
138,Laptop HP Elitebook 630 G9 i5 1235U/8GB/512GB/Win11 (6M143PA),https://www.thegioididong.com/laptop/hp-elitebook-630-g9-i5-6m143pa,18890000,22190000,0.15,hp,data/raw_htmls/tgdd/hp_46.html,normal,"i5, 1235U, 1.3GHz",12,SSD,512,8,2,13.3,1920 x 1080,16:9,60,integrated,Intel UHD,1.28,"Thunderbolt 4, HDMI, LAN (RJ45), 2x SuperSpeed USB A, Jack tai nghe 3.5 mm","Có đèn bàn phím, Vỏ kim loại",2022
139,Laptop HP Probook 450 G9 i5 1235U/8GB/512GB/Win11 (6M0Y9PA),https://www.thegioididong.com/laptop/hp-probook-450-g9-i5-6m0y9pa,18090000,21290000,0.15,hp,data/raw_htmls/tgdd/hp_47.html,normal,"i5, 1235U, 1.3GHz",12,SSD,512,8,2,15.6,1920 x 1080,16:9,60,integrated,Intel UHD,1.74,"HDMI, LAN (RJ45), USB Type-C, 3x SuperSpeed USB A, Jack tai nghe 3.5 mm",Có đèn bàn phím,2022
140,Laptop HP Pavilion 15 eg3095TU i5 1335U/8GB/512GB/Win11 (8C5L6PA),https://www.thegioididong.com/laptop/hp-pavilion-15-eg3095tu-i5-8c5l6pa,17890000,19990000,0.11,hp,data/raw_htmls/tgdd/hp_48.html,normal,"i5, 1335U, 1.3GHz",11,SSD NVMe PCIe,512,8,2,15.6,1920 x 1080,16:9,60,integrated,Intel Iris Xe,1.74,"1 x USB Type-C (hỗ trợ USB, Power Delivery và DisplayPort), HDMI, 2 x USB 3.2, Jack tai nghe 3.5 mm",Vỏ kim loại - Nắp lưng bằng nhựa,2023
141,Laptop HP Pavilion 15 eg2062TX i5 1235U/8GB/512GB/2GB MX550/Win11 (7C0W7PA),https://www.thegioididong.com/laptop/hp-pavilion-15-eg2062tx-i5-7c0w7pa,17390000,20590000,0.16,hp,data/raw_htmls/tgdd/hp_49.html,normal,"i5, 1235U, 1.3GHz",12,SSD,512,8,1,15.6,1920 x 1080,16:9,60,dedicated,Nvidia MX550 2GB,1.74,"HDMI, USB Type-C, 2 x USB 3.2, Jack tai nghe 3.5 mm",Vỏ nhựa - chiếu nghỉ tay bằng kim loại,2022
142,Laptop HP 240 G9 i5 1235U/8GB/512GB/Win11 (6L1Y2PA),https://www.thegioididong.com/laptop/hp-240-g9-i5-6l1y2pa,15390000,18590000,0.17,hp,data/raw_htmls/tgdd/hp_5.html,normal,"i5, 1235U, 1.3GHz",12,SSD,512,8,1,14.0,1920 x 1080,16:9,60,integrated,intel UHD,1.47,"HDMI, LAN (RJ45), USB Type-C, 2 x USB 3.1, Jack tai nghe 3.5 mm","Có thể tháo ra, lắp thanh khác tối đa 1 TB",2022
143,Laptop HP Pavilion 15 eg3094TU i5 1335U/8GB/512GB/Win11 (8C5L5PA),https://www.thegioididong.com/laptop/hp-pavilion-15-eg3094tu-i5-8c5l5pa,17390000,19990000,0.13,hp,data/raw_htmls/tgdd/hp_50.html,normal,"i5, 1335U, 1.3GHz",13,SSD,512,8,1,15.6,1920 x 1080,16:9,60,integrated,Intel Iris Xe,1.69,"USB Type-C, HDMI, USB 3.2, Jack tai nghe 3.5 mm",Vỏ kim loại - Nắp lưng bằng nhựa,2023
144,Laptop HP Pavilion 15 eg2035TX i5 1235U/8GB/512GB/2GB MX550/Win11 (6K781PA),https://www.thegioididong.com/laptop/hp-pavilion-15-eg2035tx-i5-6k781pa,17190000,20590000,0.17,hp,data/raw_htmls/tgdd/hp_51.html,normal,"i5, 1235U, 1.3GHz",10,SSD,512,8,1,15.6,1920 x 1080,16:9,60,dedicated,nvidia MX550 2GB,1.74,"HDMI, USB Type-C, 2 x USB 3.2, Jack tai nghe 3.5 mm",Vỏ nhựa - chiếu nghỉ tay bằng kim loại,2022
145,Laptop HP Pavilion 15 eg2036TX i5 1235U/8GB/512GB/2GB MX550/Win11 (6K782PA),https://www.thegioididong.com/laptop/hp-pavilion-15-eg2036tx-i5-6k782pa,17190000,20590000,0.17,hp,data/raw_htmls/tgdd/hp_52.html,normal,"i5, 1235U, 1.3GHz",12,SSD NVMe PCIe,512,8,1,15.6,1920 x 1080,16:9,60,dedicated,nvidia MX550 2GB,1.74,"HDMI, USB Type-C, 2 x USB 3.2, Jack tai nghe 3.5 mm",Vỏ nhựa - chiếu nghỉ tay bằng kim loại,2022
146,Laptop HP Pavilion 15 eg2085TU i5 1240P/8GB/256GB/Win11 (7C0Q7PA),https://www.thegioididong.com/laptop/hp-pavilion-15-eg2085tu-i5-7c0q7pa,15790000,18790000,0.16,hp,data/raw_htmls/tgdd/hp_53.html,normal,"i5, 1240P, 1.7GHz",12,SSD,256,8,2,15.6,1920 x 1080,16:9,60,integrated,Intel Iris Xe,1.72,"HDMI, USB Type-C, 2 x USB 3.2, Jack tai nghe 3.5 mm",Vỏ nhựa - chiếu nghỉ tay bằng kim loại,2022
147,Laptop HP Pavilion X360 14 ek0130TU i3 1215U/8GB/256GB/Touch/Win11 (7C0P5PA),https://www.thegioididong.com/laptop/hp-pavilion-x360-14-ek0130tu-i3-7c0p5pa,14590000,16590000,0.12,hp,data/raw_htmls/tgdd/hp_54.html,normal,i3-1215U,12,SSD,256,8,1,14.0,1920 x 1080,16:9,60,integrated,Intel UHD,1.53,"USB Type-C, HDMI, Jack tai nghe 3.5 mm, USB Type-A","màn hình cảm ứng, đèn bàn phím",2023
148,Laptop HP Pavilion X360 14 ek0131TU i3 1215U/8GB/256GB/Touch/Win11 (7C0P6PA),https://www.thegioididong.com/laptop/hp-pavilion-x360-14-ek0131tu-i3-7c0p6pa,13590000,16590000,0.18,hp,data/raw_htmls/tgdd/hp_55.html,normal,"i3, 1215U, 1.2GHz",12,SSD,256,8,1,14.0,1920 x 1080,16:9,60,integrated,Intel UHD,1.517,"HDMI, USB Type-C, 2x SuperSpeed USB A, Jack tai nghe 3.5 mm","Có màn hình cảm ứng, Có đèn bàn phím",2022
149,Laptop HP Pavilion 15 eg3098TU i3 1315U/8GB/256GB/Win11 (8C5L9PA),https://www.thegioididong.com/laptop/hp-pavilion-15-eg3098tu-i3-8c5l9pa,13590000,15290000,0.11,hp,data/raw_htmls/tgdd/hp_56.html,normal,"i3, 1315U, 1.2GHz",11,SSD NVMe PCIe,256,8,2,15.6,1920 x 1080,16:9,60,integrated,Intel UHD,1.68,"1 x USB Type-C (hỗ trợ USB Power Delivery, DisplayPort 1.4), HDMI, 2 x USB 3.2, Jack tai nghe 3.5 mm",Vỏ kim loại - Nắp lưng bằng nhựa,2023
150,Laptop HP Pavilion 15 eg2062TU i3 1215U/8GB/256GB/Win11 (6K790PA),https://www.thegioididong.com/laptop/hp-pavilion-15-eg2062tu-i3-6k790pa,12390000,14990000,0.17,hp,data/raw_htmls/tgdd/hp_57.html,normal,"i3, 1215U, 1.2GHz",12,SSD,256,8,1,15.6,1920 x 1080,16:9,60,integrated,Intel UHD,1.74,"HDMI, USB Type-C, 2 x USB 3.2, Jack tai nghe 3.5 mm",Vỏ nhựa - chiếu nghỉ tay bằng kim loại,2022
151,Laptop HP 15s fq5147TU i7 1255U/8GB/512GB/Win11 (7C133PA),https://www.thegioididong.com/laptop/hp-15s-fq5147tu-i7-7c133pa,17590000,20890000,0.16,hp,data/raw_htmls/tgdd/hp_6.html,normal,"i7, 1255U, 1.7GHz",12,SSD NVMe PCIe,512,8,1,15.6,1920 x 1080,16:9,60,integrated,Intel Iris Xe,1.69,"HDMI, USB Type-C, 2 x USB 3.2, Jack tai nghe 3.5 mm",Vỏ nhựa,2022
152,Laptop HP Gaming VICTUS 15 fa1139TX i5 12450H/16GB/512GB/4GB RTX2050/144Hz/Win11 (8Y6W3PA),https://www.thegioididong.com/laptop/hp-victus-15-fa1139tx-i5-8y6w3pa,18990000,24590000,0.23,hp,data/raw_htmls/tgdd/hp_7.html,normal,"i5, 12450H, 2GHz",12,SSD,512,16,2,15.6,1920 x 1080,16:9,144,dedicated,nvidia RTX 2050,2.29,"USB Type-C 3.2 (hỗ trợ DisplayPort), HDMI, LAN (RJ45), 2 x USB 3.2, Jack tai nghe 3.5 mm",Có đèn bàn phím,2023
153,Laptop HP 245 G10 R5 7520U/8GB/512GB/Win11 (8F155PA),https://www.thegioididong.com/laptop/hp-245-g10-r5-8f155pa,11790000,14190000,0.17,hp,data/raw_htmls/tgdd/hp_8.html,normal,"Ryzen 5, 7520U, 2.8GHz",7,SSD,512,8,1,14.0,1920 x 1080,16:9,60,integrated,Radeon,1.36,"HDMI, USB Type-C, 2 x USB 3.2, Jack tai nghe 3.5 mm",Vỏ nhựa - nắp lưng bằng kim loại,2023
154,Laptop HP 240 G9 i5 1235U/8GB/256GB/Win11 (6L1Y1PA),https://www.thegioididong.com/laptop/hp-240-g9-i5-6l1y1pa,14390000,17590000,0.18,hp,data/raw_htmls/tgdd/hp_9.html,normal,"i5, 1235U, 1.3GHz",12,SSD,256,8,1,14.0,1920 x 1080,16:9,60,integrated,Intel UHD,1.47,"HDMI, LAN (RJ45), USB Type-C, 2x SuperSpeed USB A, Jack tai nghe 3.5 mm",Vỏ nhựa,2022
155,Laptop Lenovo IdeaPad 1 15AMN7 R5 7520U/8GB/256GB/Win11 (82VG0061VN),https://www.thegioididong.com/laptop/lenovo-ideapad-1-15amn7-r5-82vg0061vn,9490000,12690000,0.25,lenovo,data/raw_htmls/tgdd/lenovo_0.html,normal,"Ryzen 5, 7520U, 2.8GHz",7,SSD NVMe PCIe,256,8,1,15.6,1920 x 1080,16:9,60,dedicated,AMD Radeon 610M,1.58,"USB Type-C, HDMI, USB 2.0, USB 3.2, Jack tai nghe 3.5 mm","Có thể tháo ra, lắp thanh khác tối đa 1 TB",2022
156,Laptop Lenovo Ideapad Slim 3 15IAH8 i5 12450H/16GB/512GB/Win11 (83ER000EVN),https://www.thegioididong.com/laptop/lenovo-ideapad-slim-3-15iah8-i5-83er00evn,14490000,15490000,0.06,lenovo,data/raw_htmls/tgdd/lenovo_10.html,normal,"i5, 12450H, 2GHz",12,SSD,512,16,1,15.6,1920 x 1080,16:9,60,integrated,Intel UHD,1.62,"HDMI, 2 x USB 3.2, Jack tai nghe 3.5 mm, 1x USB-C 3.2","Có thể tháo ổ cứng ra và lắp ổ cứng khác, Windows 11 Home SL",2023
157,Laptop Lenovo Ideapad 3 15IAU7 i3 1215U/8GB/256GB/Win11 (82RK005LVN),https://www.thegioididong.com/laptop/lenovo-ideapad-3-15iau7-i3-82rk005lvn,8990000,13890000,0.35,lenovo,data/raw_htmls/tgdd/lenovo_1.html,normal,"i3, 1215U, 1.2GHz",12,SSD NVMe PCIe,256,8,1,15.6,1920 x 1080,16:9,60,integrated,Intel UHD,1.63,"HDMI, 1 x USB 2.0, 1 x USB 3.2, Jack tai nghe 3.5 mm, USB Type-C (hỗ trợ truyền dữ liệu, Power Delivery 3.0 và DisplayPort 1.2)",Windows 11 Home SL,2022
158,Laptop Lenovo Ideapad 3 15ITL6 i5 1155G7/8GB/512GB/Win11 (82H803RRVN),https://www.thegioididong.com/laptop/lenovo-ideapad-3-15itl6-i5-82h803rrvn,11690000,14490000,0.19,lenovo,data/raw_htmls/tgdd/lenovo_11.html,normal,"i5, 1155G7, 2.5GHz",11,SSD NVMe PCIe,512,8,1,15.6,1920 x 1080,16:9,60,integrated,Intel Iris Xe,1.65,"USB Type-C, HDMI, USB 2.0, USB 3.2, Jack tai nghe 3.5 mm",Tháo lắp ổ cứng,2023
159,Laptop Lenovo Ideapad Slim 3 15IAH8 i5 12450H/16GB/1TB/Win11 (83ER000FVN),https://www.thegioididong.com/laptop/lenovo-ideapad-slim-3-15iah8-i5-83er000fvn,15490000,16490000,0.06,lenovo,data/raw_htmls/tgdd/lenovo_13.html,normal,"i5, 12450H, 2GHz",12,SSD NVMe PCIe Gen 4,1000,16,1,15.6,1920 x 1080,16:9,60,integrated,Intel UHD,1.62,"HDMI, 2 x USB 3.2, Jack tai nghe 3.5 mm, 1x USB-C 3.2",Windows 11 Home SL,2023
160,Laptop Lenovo Ideapad 3 15IAU7 i7 1255U/16GB/1TB/Win11 (82RK00X0VN),https://www.thegioididong.com/laptop/lenovo-ideapad-3-15iau7-i7-82rk00x0vn,17890000,18990000,0.06,lenovo,data/raw_htmls/tgdd/lenovo_12.html,normal,"i7, 1255U, 1.7GHz",12,SSD NVMe PCIe Gen 4,1000,16,2,15.6,1920 x 1080,16:9,60,integrated,Intel Iris Xe,1.63,"HDMI, 1 x USB 2.0, 1 x USB 3.2, Jack tai nghe 3.5 mm, 1x USB-C 3.2 (hỗ trợ truyền dữ liệu, Power Delivery và DisplayPort 1.2)",Windows 11 Home SL,2022
161,Laptop Lenovo Ideapad 5 14IAL7 i5 1235U/8GB/512GB/Win11 (82SD0060VN),https://www.thegioididong.com/laptop/lenovo-ideapad-5-14ial7-i5-82sd0060vn,13990000,18990000,0.26,lenovo,data/raw_htmls/tgdd/lenovo_14.html,normal,"i5, 1235U, 1.3GHz",12,SSD NVMe PCIe,512,8,1,14.0,1920 x 1080,16:9,60,integrated,Intel Iris Xe,1.44,"HDMI, 2 x USB Type-C, 1 x USB 3.2 (Always on), 1 x USB 3.2, Jack tai nghe 3.5 mm",Có đèn bàn phím,2022
162,Laptop Lenovo Ideapad 3 15ITL6 i3 1115G4/8GB/256GB/Win11 (82H803SGVN),https://www.thegioididong.com/laptop/lenovo-ideapad-3-15itl6-i3-82h803sgvn,7990000,10490000,0.24,lenovo,data/raw_htmls/tgdd/lenovo_15.html,normal,"i3, 1115G4, 3GHz",11,SSD NVMe PCIe,256,8,1,15.6,1920 x 1080,16:9,60,integrated,Intel UHD,1.65,"USB Type-C, HDMI, USB 2.0, USB 3.2, Jack tai nghe 3.5mm",Có thể tháo ổ cứng ra và lắp thanh khác,2023
164,Laptop Lenovo Ideapad 3 15IAU7 i5 1235U/8GB/512GB/Win11 (82RK001PVN),https://www.thegioididong.com/laptop/lenovo-ideapad-3-15iau7-i5-82rk001pvn,12990000,17990000,0.28,lenovo,data/raw_htmls/tgdd/lenovo_18.html,normal,"i5, 1235U, 1.3GHz",12,SSD,512,8,1,15.6,1920 x 1080,16:9,60,integrated,Intel UHD,1.63,"HDMI, 1 x USB 2.0, 1 x USB 3.2, Jack tai nghe 3.5 mm, USB Type-C","hỗ trợ truyền dữ liệu, Power Delivery 3.0 và DisplayPort 1.2",2022
165,Laptop Lenovo Yoga 7 14IRL8 i7 1360P/16GB/512GB/Touch/Pen/OfficeHS/Win11 (82YL006BVN),https://www.thegioididong.com/laptop/lenovo-yoga-7-14irl8-i7-82yl006bvn,26490000,28990000,0.09,lenovo,data/raw_htmls/tgdd/lenovo_19.html,normal,i7,11,SSD,512,16,1,14.0,1920 x 1200,16:10,60,integrated,Intel Iris Xe,1.49,"2 x Thunderbolt 4, HDMI, 1 x USB 3.2, Jack tai nghe 3.5 mm","màn hình cảm ứng, đèn bàn phím",2023
166,Laptop Lenovo LOQ Gaming 15IRH8 i7 13620H/16GB/512GB/6GB RTX4050/144Hz/Win11 (82XV00QXVN),https://www.thegioididong.com/laptop/lenovo-loq-gaming-15irh8-i7-82xv00qxvn,29990000,31990000,0.06,lenovo,data/raw_htmls/tgdd/lenovo_17.html,normal,"i7, 13620H, 2.4GHz",13,SSD NVMe PCIe,512,16,2,15.6,1920 x 1080,16:9,144,dedicated,Nvidia RTX 4050 6GB,2.4,"HDMI, LAN (RJ45), 3 x USB 3.2, Jack tai nghe 3.5 mm, 1 x USB-C 3.2",Có đèn bàn phím,2023
167,Laptop Lenovo Ideapad 3 15IAU7 i3 1215U/8GB/256GB/Win11 (82RK00RWVN),https://www.thegioididong.com/laptop/lenovo-ideapad-3-15iau7-i3-82rk00rwvn,8990000,10990000,0.18,lenovo,data/raw_htmls/tgdd/lenovo_2.html,normal,"i3, 1215U, 1.2GHz",12,SSD,256,8,1,15.6,1920 x 1080,16:9,60,integrated,Intel UHD,1.63,"HDMI, 1 x USB 2.0, 1 x USB 3.2, Jack tai nghe 3.5 mm, 1x USB-C 3.2 (hỗ trợ truyền dữ liệu, Power Delivery và DisplayPort 1.2)",,2023
168,Laptop Lenovo Ideapad 5 Pro 14IAP7 i5 1240P/16GB/512GB/Win11 (82SH000SVN),https://www.thegioididong.com/laptop/lenovo-ideapad-5-pro-14iap7-i5-82sh000svn,19990000,24990000,0.2,lenovo,data/raw_htmls/tgdd/lenovo_20.html,normal,"i5, 1240P, 1.7GHz",12,SSD,512,16,1,14.0,2880 x 1800,16:10,90,integrated,Intel Iris Xe,1.42,"HDMI, 2 x USB Type-C, 1 x USB 3.2 (Always on), 1 x USB 3.2, Jack tai nghe 3.5 mm",Có đèn bàn phím,2022
169,Laptop Lenovo Yoga Duet 7 13ITL6 i7 1165G7/16GB/1TB/Touch/Pen/Win11 (82MA009PVN),https://www.thegioididong.com/laptop/lenovo-yoga-duet-7-13itl6-i7-82ma009pvn,35490000,36490000,0.03,lenovo,data/raw_htmls/tgdd/lenovo_22.html,normal,"i7, 1165G7, 2.8GHz",11,SSD,1000,16,1,13.0,2160 x 1350,48:30,60,integrated,Intel Iris Xe,1.168,"Thunderbolt 4 (hỗ trợ Power Delivery 3.0 và DisplayPort 1.4), USB-C 3.2 Gen 1 (hỗ trợ truyền dữ liệu và Always On), Jack tai nghe 3.5 mm, USB-C 3.2 Gen 1 (hỗ trợ truyền dữ liệu và Power Delivery 3.0)","màn hình cảm ứng, đèn bàn phím",2022
170,Laptop Lenovo Gaming Legion 5 16IRH8 i5 13500H/16GB/512GB/6GB RTX4050/165Hz/Win11 (82YA00BSVN),https://www.thegioididong.com/laptop/lenovo-legion-5-16irh8-i5-82ya00bsvn,35990000,36990000,0.03,lenovo,data/raw_htmls/tgdd/lenovo_21.html,normal,"i5, 13500H, 2.6GHz",13,SSD NVMe PCIe,512,16,1,16.0,2560 x 1600,8:5,165,dedicated,nvidia RTX 4050,2.4,"HDMI, LAN (RJ45), 1 x USB 3.2 (Always on), 1 x USB 3.2, Jack tai nghe 3.5 mm, 1 x USB-C 3.2 Gen 2 (hỗ trợ truyền dữ liệu and DisplayPort 1.4), 1 x USB-C 3.2 (hỗ trợ truyền dữ liệu, Power Delivery 140W và DisplayPort 1.4)",Có đèn bàn phím,2023
171,Laptop Lenovo Yoga 7 14IAL7 i5 1240P/16GB/512GB/Touch/Pen/Win11 (82QE000RVN),https://www.thegioididong.com/laptop/lenovo-yoga-7-14ial7-i5-82qe000rvn,26990000,30990000,0.13,lenovo,data/raw_htmls/tgdd/lenovo_27.html,normal,"i5, 1240P, 1.7GHz",12,SSD NVMe PCIe,512,16,1,14.0,2880 x 1800,16:10,90,integrated,Intel Iris Xe,1.42,"HDMI, 2 x Thunderbolt 4, 1 x USB 3.2 (Always on), Jack tai nghe 3.5 mm","Có màn hình cảm ứng, Có đèn bàn phím",2022
172,Laptop Lenovo Yoga Duet 7 13ITL6 i5 1135G7/8GB/512GB/Touch/Pen/Win11 (82MA009NVN),https://www.thegioididong.com/laptop/lenovo-yoga-duet-7-13itl6-i5-82ma009nvn,27490000,28490000,0.04,lenovo,data/raw_htmls/tgdd/lenovo_26.html,normal,"i5, 1135G7, 2.4GHz",11,SSD,512,8,1,13.0,2160 x 1350,24:15,60,integrated,Intel Iris Xe,1.168,"1 x Thunderbolt 4 (hỗ trợ DisplayPort), 1 x USB-C 3.2 Gen 1 (hỗ trợ truyền dữ liệu và Always On), Jack tai nghe 3.5 mm, 1 x USB-C 3.2 Gen 1 (hỗ trợ truyền dữ liệu và Power Delivery 3.0)","Có màn hình cảm ứng, Có đèn bàn phím",2022
173,Laptop Lenovo Yoga 7 14IRL8 i5 1340P/16GB/512GB/Touch/Pen/OfficeHS/Win11 (82YL006AVN),https://www.thegioididong.com/laptop/lenovo-yoga-7-14irl8-i5-82yl006avn,23490000,25990000,0.1,lenovo,data/raw_htmls/tgdd/lenovo_28.html,normal,"i5, 1340P, 1.9GHz",13,SSD NVMe PCIe,512,16,1,14.0,1920 x 1200,16:10,60,integrated,Intel Iris Xe,1.49,"2 x Thunderbolt 4, HDMI, 1 x USB 3.2, Jack tai nghe 3.5 mm","màn hình cảm ứng, đèn bàn phím",2023
174,"Laptop Lenovo ThinkBook 15 G5 IRL i7 1355U/16GB/512GB/15.6""F/Win11 (21JD002AVN)",https://www.thegioididong.com/laptop/lenovo-thinkbook-15-g5-irl-i7-121jd002avn,22490000,25990000,0.13,lenovo,data/raw_htmls/tgdd/lenovo_29.html,normal,"i7, 1355U, 1.7GHz",11,SSD NVMe PCIe,512,16,1,15.6,1920 x 1080,16:9,60,integrated,Intel Iris Xe,1.7,"HDMI, LAN (RJ45), 1 x USB 3.2 (Always on), 1 x USB 3.2, Jack tai nghe 3.5 mm, 1 x Thunderbolt 4 / USB 4, 1 x USB Type-C",Có đèn bàn phím,2023
175,Laptop Lenovo V14 G3 ABA R5 5625U/8GB/512GB/Win11 (82TU006SVN),https://www.thegioididong.com/laptop/lenovo-v14-g3-aba-r5-82tu006svn,9990000,13190000,0.24,lenovo,data/raw_htmls/tgdd/lenovo_3.html,normal,"Ryzen 5, 5625U, 2.30 GHz",5,SSD NVMe PCIe,512,8,1,14.0,1920 x 1080,16:9,60,integrated,Radeon,1.43,"HDMI, LAN (RJ45), 1 x USB 2.0, 1 x USB 3.2, Jack tai nghe 3.5 mm, USB Type-C",Windows 11 Home SL,2023
176,Laptop Lenovo Ideapad 5 Pro 14IAP7 i7 1260P/16GB/512GB/Win11(82SH002SVN),https://www.thegioididong.com/laptop/lenovo-ideapad-5-pro-14iap7-i7-82sh002svn,21990000,27990000,0.21,lenovo,data/raw_htmls/tgdd/lenovo_30.html,normal,"i7, 1260P, 2.1GHz",12,SSD NVMe PCIe,512,16,1,14.0,2880 x 1800,16:10,90,integrated,Intel Iris Xe,1.42,"HDMI, 2 x USB Type-C, 1 x USB 3.2 (Always on), 1 x USB 3.2, Jack tai nghe 3.5 mm",Có đèn bàn phím,2022
177,Laptop Lenovo ThinkBook 14 G4 IAP i5 1240P/8GB/512GB/Win11 (21DH00B5VN),https://www.thegioididong.com/laptop/lenovo-thinkbook-14-g4-iap-i5-21dh00b5vn,17190000,23690000,0.27,lenovo,data/raw_htmls/tgdd/lenovo_32.html,normal,"i5, 1240P, 1.7GHz",12,SSD NVMe PCIe,512,8,1,14.0,1920 x 1080,16:9,60,integrated,Intel UHD,1.4,"Thunderbolt 4, HDMI, LAN (RJ45), USB Type-C, USB 3.2, Jack tai nghe 3.5 mm",Đèn bàn phím,2022
178,Laptop Lenovo ThinkBook 15 G5 IRL i5 1355U/16GB/512GB/Win11 (21JD002FVN),https://www.thegioididong.com/laptop/lenovo-thinkbook-15-g5-irl-i5-21jd002fvn,18990000,22590000,0.16,lenovo,data/raw_htmls/tgdd/lenovo_31.html,normal,"i5, 1335U, 1.3GHz",13,SSD,512,16,1,15.6,1920 x 1080,16:9,60,integrated,Intel Iris Xe,1.7,"HDMI, LAN (RJ45), 1 x USB 3.2 (Always on), 1 x USB 3.2, Jack tai nghe 3.5 mm, 1 x Thunderbolt 4 / USB 4 (hỗ trợ truyền dữ liệu, Power Delivery 3.0 và DisplayPort 1.4), 1 x USB Type-C (hỗ trợ truyền dữ liệu, Power Delivery 3.0 và DisplayPort 1.4)",Có đèn bàn phím,2023
179,Laptop Lenovo V15 G4 IRU i5 1335U/16GB/512GB/Win11 (83A1000LVN),https://www.thegioididong.com/laptop/lenovo-v15-g4-iru-i5-83a1000lvn,14990000,17990000,0.17,lenovo,data/raw_htmls/tgdd/lenovo_33.html,normal,"i5, 1335U, 1.3GHz",13,SSD,512,16,1,15.6,1920 x 1080,16:9,60,integrated,Intel Iris Xe,1.67,"HDMI, LAN (RJ45), 1 x USB 2.0, 1 x USB 3.2, Jack tai nghe 3.5 mm, USB Type-C","Hỗ trợ khe cắm HDD SATA 2.5 inch mở rộng, Hỗ trợ truyền dữ liệu, Power Delivery 3.0 và DisplayPort 1.2",2023
180,Laptop Lenovo Ideapad 3 14ABA7 R5 5625U/8GB/256GB/Win11 (82RM003WVN),https://www.thegioididong.com/laptop/lenovo-ideapad-3-14aba7-r5-82rm003wvn,11490000,14890000,0.23,lenovo,data/raw_htmls/tgdd/lenovo_34.html,normal,"Ryzen 5, 5625U, 2.30 GHz",5,SSD,256,8,1,14.0,1920 x 1080,16:9,60,integrated,Radeon,1.43,"HDMI, 1 x USB 2.0, 1 x USB 3.2, Jack tai nghe 3.5 mm, USB Type-C","tháo ổ cứng SSD NVMe PCIe, hỗ trợ truyền dữ liệu, Power Delivery 3.0 và DisplayPort 1.2",2022
181,Laptop Lenovo V15 G3 ABA R5 5625U/8GB/512GB/Win11 (82TV008HVN),https://www.thegioididong.com/laptop/lenovo-v15-g3-aba-r5-82tv008hvn,10490000,13990000,0.25,lenovo,data/raw_htmls/tgdd/lenovo_36.html,normal,"Ryzen 5, 5625U, 2.30 GHz",5,SSD,512,8,1,15.6,1920 x 1080,16:9,60,integrated,Radeon,1.7,"HDMI, LAN (RJ45), 1 x USB 2.0, 1 x USB 3.2, Jack tai nghe 3.5 mm, USB Type-C",Windows 11 Home SL,2023
182,Laptop Lenovo V14 G4 IRU i3 1315U/8GB/512GB/Win11 (83A0000TVN),https://www.thegioididong.com/laptop/lenovo-v14-g4-iru-i3-win11-83a0000tvn,10990000,13690000,0.2,lenovo,data/raw_htmls/tgdd/lenovo_35.html,normal,"i3, 1315U, 1.2GHz",11,SSD,512,8,2,14.0,1920 x 1080,16:9,60,integrated,Intel UHD,1.41,"HDMI, LAN (RJ45), 1 x USB 2.0, 1 x USB 3.2, Jack tai nghe 3.5 mm, USB Type-C","Hỗ trợ khe cắm HDD SATA 2.5 inch mở rộng, Windows 11 Home SL",2023
183,Laptop Lenovo Ideapad 3 15IAU7 i3 1215U/8GB/512GB/Win11 (82RK00QYVN),https://www.thegioididong.com/laptop/lenovo-ideapad-3-15iau7-i3-82rk00qyvn,9490000,11790000,0.2,lenovo,data/raw_htmls/tgdd/lenovo_37.html,normal,"i3, 1215U, 1.2GHz",12,SSD,512,8,1,15.6,1920 x 1080,16:9,60,integrated,Intel UHD,1.63,"HDMI, 1 x USB 2.0, 1 x USB 3.2, Jack tai nghe 3.5 mm, 1x USB-C 3.2",Windows 11 Home SL,2023
184,Laptop Lenovo IdeaPad Slim 5 Light 14ABR8 R5 7530U/16GB/512GB/Win11 (82XS002KVN),https://www.thegioididong.com/laptop/lenovo-ideapad-slim-5-light-14abr8-r5-82xs002kvn,14990000,17990000,0.17,lenovo,data/raw_htmls/tgdd/lenovo_4.html,normal,"Ryzen 5, 7530U, 2GHz",5,SSD NVMe PCIe Gen 4.0,512,16,1,14.0,1920 x 1080,16:9,60,integrated,Radeon,1.17,"HDMI, 2 x USB 3.2, Jack tai nghe 3.5 mm, USB Type-C",Có đèn bàn phím,2023
185,Laptop Lenovo Ideapad 3 15ITL6 i3 1115G4/8GB/512GB/Win11 (82H803SFVN),https://www.thegioididong.com/laptop/lenovo-ideapad-3-15itl6-i3-82h803sfvn,8890000,11290000,0.21,lenovo,data/raw_htmls/tgdd/lenovo_5.html,normal,"i3, 1115G4, 3GHz",11,SSD NVMe PCIe,512,8,1,15.6,1920 x 1080,16:9,60,integrated,Intel UHD,1.65,"USB Type-C, HDMI, USB 2.0, USB 3.2, Jack tai nghe 3.5 mm","Ổ cứng có thể tháo ra, lắp thanh khác, Hệ điều hành Windows 11 Home SL",2023
186,Laptop Lenovo Ideapad 1 15ALC7 R7 5700U/16GB/512GB/Win11 (82R400C1VN),https://www.thegioididong.com/laptop/lenovo-ideapad-1-15alc7-r7-82r400c1vn,12990000,13990000,0.07,lenovo,data/raw_htmls/tgdd/lenovo_6.html,normal,"Ryzen 7, 5700U, 1.8GHz",7,SSD NVMe PCIe,512,16,1,15.6,1920 x 1080,16:9,60,integrated,Radeon,1.61,"USB Type-C, HDMI, USB 2.0, USB 3.2, Jack tai nghe 3.5 mm",,2023
187,Laptop Lenovo Ideapad 5 15IAL7 i5 1235U/8GB/512GB/Win11 (82SF005HVN),https://www.thegioididong.com/laptop/lenovo-ideapad-5-15ial7-i5-82sf005hvn,13990000,19490000,0.28,lenovo,data/raw_htmls/tgdd/lenovo_8.html,normal,"i5, 1235U, 1.3GHz",12,SSD,512,8,1,15.6,1920 x 1080,16:9,60,integrated,Intel Iris Xe,1.85,"2 x USB Type-C 3.2, HDMI, 1 x USB 3.2, Jack tai nghe 3.5 mm",Có đèn bàn phím,2022
188,Laptop Lenovo Ideapad 3 15IAU7 i3 1215U/8GB/512GB/Win11 (82RK001MVN),https://www.thegioididong.com/laptop/lenovo-ideapad-3-15iau7-i3-82rk001mvn,9490000,14690000,0.35,lenovo,data/raw_htmls/tgdd/lenovo_7.html,normal,"i3, 1215U, 1.2GHz",10,SSD,512,8,1,15.6,1920 x 1080,16:9,60,integrated,Intel UHD,1.63,"HDMI, 1 x USB 2.0, 1 x USB 3.2, Jack tai nghe 3.5 mm, USB Type-C",windows 11,2022
190,Laptop MSI Modern 14 C11M i3 1115G4/8GB/512GB/Win11 (011VN),https://www.thegioididong.com/laptop/msi-modern-14-c11m-i3-011vn,9490000,11990000,0.21,msi,data/raw_htmls/tgdd/msi_0.html,normal,"i3, 1115G4, 3GHz",11,SSD,512,8,1,14.0,1920 x 1080,16:9,60,integrated,Intel UHD,1.4,"USB Type-C 3.2, HDMI, USB 2.0, USB 3.2, Jack tai nghe 3.5 mm",Có đèn bàn phím,2022
191,Laptop MSI Modern 15 B12MO i5 1235U/16GB/512GB/Win11 (628VN),https://www.thegioididong.com/laptop/msi-modern-15-b12mo-i5-628vn,13990000,14490000,0.03,msi,data/raw_htmls/tgdd/msi_11.html,normal,"i5, 1235U, 1.3GHz",12,SSD NVMe PCIe,512,16,1,15.6,1920 x 1080,16:9,60,integrated,Intel Iris Xe,1.7,"USB Type-C, HDMI, USB 2.0, USB 3.2, Jack tai nghe 3.5 mm",Có đèn bàn phím,2023
192,Laptop MSI Modern 15 B12MO i5 1235U/8GB/512GB/Win11 (625VN),https://www.thegioididong.com/laptop/msi-modern-15-b12mo-i5-625vn,12990000,13990000,0.07,msi,data/raw_htmls/tgdd/msi_1.html,normal,"i5, 1235U, 1.3GHz",12,SSD,512,8,1,15.6,1920 x 1080,16:9,60,integrated,Intel Iris Xe,1.7,"1 x USB Type-C (hỗ trợ USB, Power Delivery và DisplayPort), HDMI, 2 x USB 2.0, 1 x USB 3.2, Jack tai nghe 3.5 mm",Có đèn bàn phím,2023
193,Laptop MSI Gaming GF63 Thin 11SC i5 11400H/8GB/512GB/4GB GTX1650/144Hz/Win11 (664VN),https://www.thegioididong.com/laptop/msi-gaming-gf63-thin-11sc-i5-664vn,16340000,16490000,0.01,msi,data/raw_htmls/tgdd/msi_10.html,normal,"i5, 11400H, 2.7GHz",11,SSD,512,8,2,15.6,1920 x 1080,16:9,144,dedicated,NVIDIA GTX 1650 Max-Q 4GB,1.86,"HDMI, LAN (RJ45), USB Type-C, 3 x USB 3.2, Jack tai nghe 3.5 mm",Có đèn bàn phím,2022
194,Laptop MSI Modern 14 C7M R5 7530U/8GB/512GB/Win11 (083VN),https://www.thegioididong.com/laptop/msi-modern-14-c7m-r5-083vn,10990000,13990000,0.21,msi,data/raw_htmls/tgdd/msi_12.html,normal,"Ryzen 5, 7530U, 2GHz",5,SSD NVMe PCIe,512,8,1,14.0,1920 x 1080,16:9,60,integrated,Radeon,1.4,"USB Type-C 3.2, HDMI, USB 2.0, USB 3.2, Jack tai nghe 3.5 mm",đèn bàn phím,2023
196,Laptop MSI Gaming Katana 15 B13VEK i7 13620H/8GB/512GB/6GB RTX4050/144Hz/Balo/Win11 (252VN),https://www.thegioididong.com/laptop/msi-gaming-katana-15-b13vek-i7-252vn,26190000,27990000,0.06,msi,data/raw_htmls/tgdd/msi_16.html,normal,"i7, 13620H, 2.4GHz",13,SSD,512,8,1,15.6,1920 x 1080,16:9,144,dedicated,nvidia RTX 4050,2.25,"USB Type-C, HDMI, LAN (RJ45), USB 2.0, USB 3.2, Jack tai nghe 3.5 mm",Có đèn bàn phím,2022
199,Laptop MSI Modern 14 C13M i7 1355U/16GB/512GB/Win11 (607VN),https://www.thegioididong.com/laptop/msi-modern-14-c13m-i7-607vn,19390000,21490000,0.1,msi,data/raw_htmls/tgdd/msi_18.html,normal,"i7, 1355U, 1.7GHz",10,SSD,512,16,1,14.0,1920 x 1080,16:9,60,integrated,Intel Iris Xe,1.4,"USB Type-C, HDMI, USB 2.0, USB 3.2, Jack tai nghe 3.5 mm",Có đèn bàn phím,2023
201,Laptop MSI Gaming Cyborg 15 A12UCX i5 12450H/8GB/512GB/4GB RTX2050/144Hz/Balo/Win11 (281VN),https://www.thegioididong.com/laptop/msi-gaming-cyborg-15-a12ucx-i5-281vn,17490000,18990000,0.08,msi,data/raw_htmls/tgdd/msi_19.html,normal,"i5, 12450H, 2GHz",12,SSD,512,8,1,15.6,1920 x 1080,16:9,144,dedicated,NVIDIA RTX 2050 4GB,1.98,"USB Type-C (USB 3.2, DisplayPort), HDMI, LAN (RJ45), 2 x USB 3.2, Jack tai nghe 3.5 mm",Có đèn bàn phím,2023
202,Laptop MSI Modern 15 B12MO i7 1255U/16GB/512GB/Win11 (487VN),https://www.thegioididong.com/laptop/msi-modern-15-b12mo-i7-487vn,17490000,19490000,0.1,msi,data/raw_htmls/tgdd/msi_20.html,normal,"i7, 1255U, 1.7GHz",12,SSD NVMe PCIe,512,16,1,15.6,1920 x 1080,16:9,60,integrated,Intel Iris Xe,1.7,"1 x USB Type-C (hỗ trợ USB, Power Delivery và DisplayPort), HDMI, 2 x USB 2.0, 1 x USB 3.2, Jack tai nghe 3.5 mm",Có đèn bàn phím,2023
203,Laptop MSI Modern 15 B13M i5 1335U/8GB/512GB/Win11 (438VN),https://www.thegioididong.com/laptop/msi-modern-15-b13m-i5-438vn,15990000,18490000,0.14,msi,data/raw_htmls/tgdd/msi_21.html,normal,"i5, 1335U, 1.3GHz",10,SSD NVMe PCIe,512,8,1,15.6,1920 x 1080,16:9,60,integrated,Intel Iris Xe,1.7,"USB Type-C (USB 3.2, DisplayPort), HDMI, 2 x USB 2.0, 1 x USB 3.2, 3.5 mm headphone jack",backlit keyboard,2023
204,Laptop MSI Gaming Bravo 15 B7ED R5 7535HS/16GB/512GB/4GB RX6550M/144Hz/Win11 (010VN),https://www.thegioididong.com/laptop/msi-bravo-15-b7ed-r5-010vn,16990000,18490000,0.08,msi,data/raw_htmls/tgdd/msi_3.html,normal,"Ryzen 5, 7535HS, 3.3GHz",7,SSD,512,16,2,15.6,1920 x 1080,16:9,144,dedicated,AMD RX 6550M,2.25,"USB Type-C (3.2, DisplayPort), HDMI, LAN (RJ45), USB 2.0, 2 x USB 3.2, 3.5 mm headphone jack",backlit keyboard,2023
205,Laptop MSI Modern 15 B7M R5 7530U/16GB/512GB/Win11 (231VN),https://www.thegioididong.com/laptop/msi-modern-15-b7m-r5-231vn,13990000,14990000,0.07,msi,data/raw_htmls/tgdd/msi_4.html,normal,"Ryzen 5, 7530U, 2GHz",7,SSD NVMe PCIe,512,16,1,15.6,1920 x 1080,16:9,60,integrated,Radeon,1.75,"USB Type-C, HDMI, USB 2.0, USB 3.2, Jack tai nghe 3.5 mm",Có đèn bàn phím,2023
209,Laptop MSI Gaming Katana GF66 12UCK i7 12650H/8GB/512GB/4GB RTX3050/144Hz/Balo/Win11 (804VN),https://www.thegioididong.com/laptop/msi-gaming-gf66-12uck-i7-804vn,21790000,27490000,0.21,msi,data/raw_htmls/tgdd/msi_8.html,normal,"i7, 12650H, 2.30 GHz",12,SSD,512,8,1,15.6,1920 x 1080,16:9,144,dedicated,nvidia RTX 3050,2.25,"HDMI, LAN (RJ45), USB Type-C, 1 x USB 2.0, 2 x USB 3.2, Jack tai nghe 3.5 mm",Có đèn bàn phím,2022
210,Laptop MSI Modern 15 B7M R7 7730U/16GB/512GB/Win11 (238VN),https://www.thegioididong.com/laptop/msi-modern-15-b7m-r7-238vn,15990000,16990000,0.06,msi,data/raw_htmls/tgdd/msi_9.html,normal,"Ryzen 7, 7730U, 2GHz",7,SSD,512,16,1,15.6,1920 x 1080,16:9,60,integrated,Radeon,1.75,"1 x USB Type-C (chỉ hỗ trợ Power Delivery), HDMI, 2 x USB 2.0, 1 x USB 3.2, Jack tai nghe 3.5 mm",Có đèn bàn phím,2023
